obs,ATS,DEM
"1990/01/01",5.24,36.87
"1990/01/02",5.24,36.87
"1990/01/03",5.26,36.99
"1990/01/04",5.21,36.67
"1990/01/05",5.18,36.51
"1990/01/06",5.25,36.96
"1990/01/07",5.25,36.96
"1990/01/08",5.25,36.96
"1990/01/09",5.24,36.91
"1990/01/10",5.27,37.07
"1990/01/11",5.27,37.07
"1990/01/12",5.24,36.87
"1990/01/13",5.25,36.9
"1990/01/14",5.25,36.9
"1990/01/15",5.25,36.9
"1990/01/16",5.24,36.87
"1990/01/17",5.21,36.65
"1990/01/18",5.22,36.74
"1990/01/19",5.21,36.74
"1990/01/20",5.19,36.56
"1990/01/21",5.19,36.56
"1990/01/22",5.19,36.56
"1990/01/23",5.19,36.54
"1990/01/24",5.21,36.66
"1990/01/25",5.23,36.83
"1990/01/26",5.23,36.82
"1990/01/27",5.23,36.83
"1990/01/28",5.23,36.83
"1990/01/29",5.23,36.83
"1990/01/30",5.25,36.98
"1990/01/31",5.3,37.31
"1990/02/01",5.3,37.25
"1990/02/02",5.3,37.3
"1990/02/03",5.29,37.25
"1990/02/04",5.29,37.25
"1990/02/05",5.29,37.25
"1990/02/06",5.4,38
"1990/02/07",5.42,38.19
"1990/02/08",5.42,38.2
"1990/02/09",5.42,38.18
"1990/02/10",5.42,38.16
"1990/02/11",5.42,38.16
"1990/02/12",5.42,38.16
"1990/02/13",5.42,38.13
"1990/02/14",5.39,37.96
"1990/02/15",5.41,38.06
"1990/02/16",5.4,38.04
"1990/02/17",5.38,37.88
"1990/02/18",5.38,37.88
"1990/02/19",5.38,37.88
"1990/02/20",5.51,38.81
"1990/02/21",5.52,38.84
"1990/02/22",5.52,38.87
"1990/02/23",5.51,38.8
"1990/02/24",5.5,38.73
"1990/02/25",5.5,38.73
"1990/02/26",5.5,38.73
"1990/02/27",5.49,38.66
"1990/02/28",5.48,38.63
"1990/03/01",5.48,38.58
"1990/03/02",5.46,38.44
"1990/03/03",5.44,38.33
"1990/03/04",5.44,38.33
"1990/03/05",5.44,38.33
"1990/03/06",5.46,38.48
"1990/03/07",5.48,38.58
"1990/03/08",5.47,38.53
"1990/03/09",5.47,38.55
"1990/03/10",5.48,38.57
"1990/03/11",5.48,38.57
"1990/03/12",5.48,38.57
"1990/03/13",5.47,38.5
"1990/03/14",5.46,38.45
"1990/03/15",5.46,38.45
"1990/03/16",5.46,38.45
"1990/03/17",5.46,38.45
"1990/03/18",5.46,38.45
"1990/03/19",5.46,38.45
"1990/03/20",5.5,38.73
"1990/03/21",5.51,38.74
"1990/03/22",5.48,38.56
"1990/03/23",5.47,38.45
"1990/03/24",5.47,38.52
"1990/03/25",5.47,38.52
"1990/03/26",5.47,38.52
"1990/03/27",5.46,38.42
"1990/03/28",5.46,38.43
"1990/03/29",5.45,38.38
"1990/03/30",5.47,38.5
"1990/03/31",5.49,38.61
"1990/04/01",5.49,38.61
"1990/04/02",5.49,38.61
"1990/04/03",5.48,38.52
"1990/04/04",5.48,38.54
"1990/04/05",5.48,38.56
"1990/04/06",5.48,38.53
"1990/04/07",5.48,38.6
"1990/04/08",5.48,38.6
"1990/04/09",5.48,38.6
"1990/04/10",5.49,38.64
"1990/04/11",5.49,38.62
"1990/04/12",5.52,38.78
"1990/04/13",5.52,38.82
"1990/04/14",5.52,38.84
"1990/04/15",5.52,38.84
"1990/04/16",5.52,38.84
"1990/04/17",5.52,38.84
"1990/04/18",5.51,38.75
"1990/04/19",5.51,38.76
"1990/04/20",5.52,38.85
"1990/04/21",5.5,38.75
"1990/04/22",5.5,38.75
"1990/04/23",5.5,38.75
"1990/04/24",5.49,38.59
"1990/04/25",5.48,38.57
"1990/04/26",5.48,38.56
"1990/04/27",5.5,38.74
"1990/04/28",5.5,38.71
"1990/04/29",5.5,38.71
"1990/04/30",5.5,38.71
"1990/05/01",5.5,38.71
"1990/05/02",5.5,38.71
"1990/05/03",5.49,38.64
"1990/05/04",5.5,38.67
"1990/05/05",5.5,38.72
"1990/05/06",5.5,38.72
"1990/05/07",5.5,38.72
"1990/05/08",5.53,38.9
"1990/05/09",5.54,38.97
"1990/05/10",5.55,39.08
"1990/05/11",5.56,39.1
"1990/05/12",5.57,39.18
"1990/05/13",5.57,39.18
"1990/05/14",5.57,39.18
"1990/05/15",5.55,39.05
"1990/05/16",5.55,39.03
"1990/05/17",5.54,38.97
"1990/05/18",5.56,39.13
"1990/05/19",5.54,38.97
"1990/05/20",5.54,38.97
"1990/05/21",5.54,38.97
"1990/05/22",5.52,38.89
"1990/05/23",5.51,38.79
"1990/05/24",5.51,38.79
"1990/05/25",5.51,38.7
"1990/05/26",5.49,38.64
"1990/05/27",5.49,38.64
"1990/05/28",5.49,38.64
"1990/05/29",5.49,38.62
"1990/05/30",5.51,38.74
"1990/05/31",5.5,38.71
"1990/06/01",5.48,38.51
"1990/06/02",5.47,38.49
"1990/06/03",5.47,38.49
"1990/06/04",5.47,38.49
"1990/06/05",5.48,38.39
"1990/06/06",5.48,38.47
"1990/06/07",5.48,38.57
"1990/06/08",5.47,38.5
"1990/06/09",5.47,38.48
"1990/06/10",5.47,38.48
"1990/06/11",5.47,38.48
"1990/06/12",5.47,38.45
"1990/06/13",5.47,38.51
"1990/06/14",5.46,38.46
"1990/06/15",5.49,38.54
"1990/06/16",5.47,38.45
"1990/06/17",5.47,38.45
"1990/06/18",5.47,38.45
"1990/06/19",5.48,38.54
"1990/06/20",5.5,38.66
"1990/06/21",5.49,38.63
"1990/06/22",5.48,38.58
"1990/06/23",5.48,38.6
"1990/06/24",5.48,38.6
"1990/06/25",5.48,38.6
"1990/06/26",5.49,38.62
"1990/06/27",5.48,38.57
"1990/06/28",5.51,38.76
"1990/06/29",5.51,38.78
"1990/06/30",5.5,38.67
"1990/07/01",5.5,38.67
"1990/07/02",5.5,38.67
"1990/07/03",5.52,38.85
"1990/07/04",5.52,38.82
"1990/07/05",5.53,38.92
"1990/07/06",5.53,38.88
"1990/07/07",5.52,38.85
"1990/07/08",5.52,38.85
"1990/07/09",5.52,38.85
"1990/07/10",5.53,38.88
"1990/07/11",5.54,38.94
"1990/07/12",5.54,38.94
"1990/07/13",5.51,38.78
"1990/07/14",5.53,38.93
"1990/07/15",5.53,38.93
"1990/07/16",5.53,38.93
"1990/07/17",5.52,38.82
"1990/07/18",5.52,38.88
"1990/07/19",5.54,38.94
"1990/07/20",5.53,38.93
"1990/07/21",5.54,38.99
"1990/07/22",5.54,38.99
"1990/07/23",5.54,38.99
"1990/07/24",5.55,39.02
"1990/07/25",5.56,39.16
"1990/07/26",5.56,39.16
"1990/07/27",5.56,39.15
"1990/07/28",5.57,39.16
"1990/07/29",5.57,39.16
"1990/07/30",5.57,39.16
"1990/07/31",5.58,39.23
"1990/08/01",5.59,39.33
"1990/08/02",5.62,39.57
"1990/08/03",5.6,39.3
"1990/08/04",5.61,39.5
"1990/08/05",5.61,39.5
"1990/08/06",5.61,39.5
"1990/08/07",5.63,39.65
"1990/08/08",5.63,39.66
"1990/08/09",5.62,39.5
"1990/08/10",5.61,39.48
"1990/08/11",5.6,39.4
"1990/08/12",5.6,39.4
"1990/08/13",5.6,39.4
"1990/08/14",5.64,39.65
"1990/08/15",5.63,39.62
"1990/08/16",5.66,39.8
"1990/08/17",5.65,39.76
"1990/08/18",5.67,39.9
"1990/08/19",5.67,39.9
"1990/08/20",5.67,39.9
"1990/08/21",5.67,39.9
"1990/08/22",5.64,39.7
"1990/08/23",5.66,39.81
"1990/08/24",5.67,39.94
"1990/08/25",5.66,39.83
"1990/08/26",5.66,39.83
"1990/08/27",5.66,39.83
"1990/08/28",5.68,39.96
"1990/08/29",5.67,39.9
"1990/08/30",5.66,39.81
"1990/08/31",5.65,39.72
"1990/09/01",5.65,39.76
"1990/09/02",5.65,39.76
"1990/09/03",5.65,39.76
"1990/09/04",5.62,39.55
"1990/09/05",5.64,39.65
"1990/09/06",5.65,39.73
"1990/09/07",5.67,39.91
"1990/09/08",5.66,39.81
"1990/09/09",5.66,39.81
"1990/09/10",5.66,39.81
"1990/09/11",5.64,39.66
"1990/09/12",5.62,39.51
"1990/09/13",5.62,39.53
"1990/09/14",5.62,39.5
"1990/09/15",5.65,39.71
"1990/09/16",5.65,39.71
"1990/09/17",5.65,39.71
"1990/09/18",5.67,39.88
"1990/09/19",5.67,39.88
"1990/09/20",5.67,39.93
"1990/09/21",5.64,39.72
"1990/09/22",5.64,39.67
"1990/09/23",5.64,39.67
"1990/09/24",5.64,39.67
"1990/09/25",5.65,39.75
"1990/09/26",5.66,39.84
"1990/09/27",5.65,39.73
"1990/09/28",5.66,39.77
"1990/09/29",5.66,39.8
"1990/09/30",5.66,39.8
"1990/10/01",5.66,39.8
"1990/10/02",5.68,39.94
"1990/10/03",5.67,39.88
"1990/10/04",5.68,39.96
"1990/10/05",5.69,40.08
"1990/10/06",5.7,40.11
"1990/10/07",5.7,40.11
"1990/10/08",5.7,40.11
"1990/10/09",5.7,40.08
"1990/10/10",5.71,40.2
"1990/10/11",5.72,40.23
"1990/10/12",5.71,40.15
"1990/10/13",5.73,40.31
"1990/10/14",5.73,40.31
"1990/10/15",5.73,40.31
"1990/10/16",5.73,40.27
"1990/10/17",5.72,40.26
"1990/10/18",5.75,40.47
"1990/10/19",5.75,40.46
"1990/10/20",5.76,40.52
"1990/10/21",5.76,40.52
"1990/10/22",5.76,40.52
"1990/10/23",5.76,40.52
"1990/10/24",5.77,40.52
"1990/10/25",5.73,40.32
"1990/10/26",5.75,40.46
"1990/10/27",5.77,40.32
"1990/10/28",5.77,40.32
"1990/10/29",5.77,40.32
"1990/10/30",5.75,40.44
"1990/10/31",5.73,40.33
"1990/11/01",5.74,40.34
"1990/11/02",5.75,40.28
"1990/11/03",5.76,40.53
"1990/11/04",5.76,40.53
"1990/11/05",5.76,40.53
"1990/11/06",5.78,40.66
"1990/11/07",5.79,40.69
"1990/11/08",5.79,40.74
"1990/11/09",5.78,40.64
"1990/11/10",5.78,40.68
"1990/11/11",5.78,40.68
"1990/11/12",5.78,40.68
"1990/11/13",5.8,40.82
"1990/11/14",5.81,40.87
"1990/11/15",5.81,40.89
"1990/11/16",5.81,40.9
"1990/11/17",5.81,40.88
"1990/11/18",5.81,40.88
"1990/11/19",5.81,40.88
"1990/11/20",5.83,41.01
"1990/11/21",5.81,40.88
"1990/11/22",5.82,40.93
"1990/11/23",5.81,40.84
"1990/11/24",5.8,40.79
"1990/11/25",5.8,40.79
"1990/11/26",5.8,40.79
"1990/11/27",5.79,40.72
"1990/11/28",5.79,40.73
"1990/11/29",5.81,40.89
"1990/11/30",5.8,40.79
"1990/12/01",5.76,40.57
"1990/12/02",5.76,40.57
"1990/12/03",5.76,40.57
"1990/12/04",5.77,40.59
"1990/12/05",5.72,40.58
"1990/12/06",5.79,40.69
"1990/12/07",5.78,40.68
"1990/12/08",5.81,40.85
"1990/12/09",5.81,40.85
"1990/12/10",5.81,40.85
"1990/12/11",5.83,41.03
"1990/12/12",5.83,41.02
"1990/12/13",5.82,40.95
"1990/12/14",5.83,40.99
"1990/12/15",5.82,40.93
"1990/12/16",5.82,40.93
"1990/12/17",5.82,40.93
"1990/12/18",5.81,40.85
"1990/12/19",5.8,40.83
"1990/12/20",5.82,40.98
"1990/12/21",5.81,40.86
"1990/12/22",5.77,40.5
"1990/12/23",5.77,40.5
"1990/12/24",5.77,40.5
"1990/12/25",5.77,40.5
"1990/12/26",5.77,40.5
"1990/12/27",5.77,40.5
"1990/12/28",5.74,40.34
"1990/12/29",5.75,40.47
"1990/12/30",5.75,40.47
"1990/12/31",5.75,40.47
"1991/01/01",5.75,40.47
"1991/01/02",5.75,40.47
"1991/01/03",5.79,40.76
"1991/01/04",5.79,40.76
"1991/01/05",6.65,46.82
"1991/01/06",6.65,46.82
"1991/01/07",6.65,46.82
"1991/01/08",6.59,46.33
"1991/01/09",6.57,46.19
"1991/01/10",6.57,46.17
"1991/01/11",6.59,46.35
"1991/01/12",6.58,46.35
"1991/01/13",6.58,46.35
"1991/01/14",6.58,46.35
"1991/01/15",6.54,46.01
"1991/01/16",6.56,46.15
"1991/01/17",6.56,46.13
"1991/01/18",6.61,46.41
"1991/01/19",6.61,46.5
"1991/01/20",6.61,46.5
"1991/01/21",6.61,46.5
"1991/01/22",6.63,46.69
"1991/01/23",6.66,46.88
"1991/01/24",6.64,46.74
"1991/01/25",6.66,46.92
"1991/01/26",6.66,46.91
"1991/01/27",6.66,46.91
"1991/01/28",6.66,46.91
"1991/01/29",6.67,46.91
"1991/01/30",6.67,46.94
"1991/01/31",6.66,46.8
"1991/02/01",6.66,46.9
"1991/02/02",6.68,47.03
"1991/02/03",6.68,47.03
"1991/02/04",6.68,47.03
"1991/02/05",6.71,47.22
"1991/02/06",6.72,47.26
"1991/02/07",6.73,47.35
"1991/02/08",6.74,47.4
"1991/02/09",6.66,47.35
"1991/02/10",6.66,47.35
"1991/02/11",6.66,47.35
"1991/02/12",6.74,47.41
"1991/02/13",6.74,47.39
"1991/02/14",6.73,47.36
"1991/02/15",6.72,47.27
"1991/02/16",6.71,47.22
"1991/02/17",6.71,47.22
"1991/02/18",6.71,47.22
"1991/02/19",6.69,47.06
"1991/02/20",6.67,46.91
"1991/02/21",6.67,46.92
"1991/02/22",6.66,46.87
"1991/02/23",6.67,46.9
"1991/02/24",6.67,46.9
"1991/02/25",6.67,46.9
"1991/02/26",6.63,46.62
"1991/02/27",6.63,46.58
"1991/02/28",6.6,46.46
"1991/03/01",6.62,46.55
"1991/03/02",6.59,46.34
"1991/03/03",6.59,46.34
"1991/03/04",6.59,46.34
"1991/03/05",6.58,46.26
"1991/03/06",6.6,46.45
"1991/03/07",6.57,46.22
"1991/03/08",6.58,46.3
"1991/03/09",6.55,46.09
"1991/03/10",6.55,46.09
"1991/03/11",6.55,46.09
"1991/03/12",6.52,45.84
"1991/03/13",6.53,45.9
"1991/03/14",6.52,45.87
"1991/03/15",6.52,45.84
"1991/03/16",6.52,45.84
"1991/03/17",6.52,45.84
"1991/03/18",6.52,45.84
"1991/03/19",6.46,45.45
"1991/03/20",6.42,45.16
"1991/03/21",6.39,44.89
"1991/03/22",6.43,45.18
"1991/03/23",6.42,45.12
"1991/03/24",6.42,45.12
"1991/03/25",6.42,45.12
"1991/03/26",6.36,44.68
"1991/03/27",6.31,44.35
"1991/03/28",6.31,44.44
"1991/03/29",6.26,44
"1991/03/30",6.31,44.33
"1991/03/31",6.31,44.33
"1991/04/01",6.31,44.33
"1991/04/02",6.31,44.33
"1991/04/03",6.31,44.44
"1991/04/04",6.33,44.54
"1991/04/05",6.32,44.49
"1991/04/06",6.34,44.62
"1991/04/07",6.34,44.62
"1991/04/08",6.34,44.62
"1991/04/09",6.3,44.33
"1991/04/10",6.32,44.43
"1991/04/11",6.34,44.65
"1991/04/12",6.31,44.41
"1991/04/13",6.34,44.58
"1991/04/14",6.34,44.58
"1991/04/15",6.34,44.58
"1991/04/16",6.32,44.45
"1991/04/17",6.34,44.74
"1991/04/18",6.35,44.73
"1991/04/19",6.33,44.51
"1991/04/20",6.24,43.91
"1991/04/21",6.24,43.91
"1991/04/22",6.24,43.91
"1991/04/23",6.19,43.55
"1991/04/24",6.16,43.36
"1991/04/25",6.21,43.77
"1991/04/26",6.19,43.57
"1991/04/27",6.19,43.6
"1991/04/28",6.19,43.6
"1991/04/29",6.19,43.6
"1991/04/30",6.16,43.35
"1991/05/01",6.21,43.82
"1991/05/02",6.21,43.82
"1991/05/03",6.26,44.03
"1991/05/04",6.26,44.06
"1991/05/05",6.26,44.06
"1991/05/06",6.26,44.06
"1991/05/07",6.21,43.73
"1991/05/08",6.24,43.88
"1991/05/09",6.25,43.91
"1991/05/10",6.2,43.66
"1991/05/11",6.22,43.76
"1991/05/12",6.22,43.76
"1991/05/13",6.22,43.76
"1991/05/14",6.25,43.94
"1991/05/15",6.26,44.1
"1991/05/16",6.3,44.35
"1991/05/17",6.29,44.33
"1991/05/18",6.28,44.19
"1991/05/19",6.28,44.19
"1991/05/20",6.28,44.19
"1991/05/21",6.21,43.58
"1991/05/22",6.23,43.88
"1991/05/23",6.26,44.03
"1991/05/24",6.24,43.95
"1991/05/25",6.27,44.13
"1991/05/26",6.27,44.13
"1991/05/27",6.27,44.13
"1991/05/28",6.29,44.29
"1991/05/29",6.27,44.15
"1991/05/30",6.3,44.32
"1991/05/31",6.27,44.13
"1991/06/01",6.24,43.93
"1991/06/02",6.24,43.93
"1991/06/03",6.24,43.93
"1991/06/04",6.21,43.63
"1991/06/05",6.2,43.58
"1991/06/06",6.19,43.58
"1991/06/07",6.2,43.58
"1991/06/08",6.19,43.53
"1991/06/09",6.19,43.53
"1991/06/10",6.19,43.53
"1991/06/11",6.16,43.36
"1991/06/12",6.17,43.4
"1991/06/13",6.16,43.33
"1991/06/14",6.12,43.04
"1991/06/15",6.11,42.97
"1991/06/16",6.11,42.97
"1991/06/17",6.11,42.97
"1991/06/18",6.12,43.03
"1991/06/19",6.09,42.86
"1991/06/20",6.1,42.89
"1991/06/21",6.15,43.29
"1991/06/22",6.11,43.01
"1991/06/23",6.11,43.01
"1991/06/24",6.11,43.01
"1991/06/25",6.1,42.93
"1991/06/26",6.13,43.09
"1991/06/27",6.13,43.2
"1991/06/28",6.13,43.18
"1991/06/29",6.1,42.92
"1991/06/30",6.1,42.92
"1991/07/01",6.1,42.92
"1991/07/02",6.1,42.89
"1991/07/03",6.07,42.71
"1991/07/04",6.06,42.63
"1991/07/05",6.06,42.62
"1991/07/06",6.05,42.54
"1991/07/07",6.05,42.54
"1991/07/08",6.05,42.54
"1991/07/09",6.09,42.86
"1991/07/10",6.1,42.89
"1991/07/11",6.08,42.79
"1991/07/12",6.09,42.9
"1991/07/13",6.07,42.82
"1991/07/14",6.07,42.82
"1991/07/15",6.07,42.82
"1991/07/16",6.13,43.13
"1991/07/17",6.12,43.13
"1991/07/18",6.12,43.09
"1991/07/19",6.15,43.33
"1991/07/20",6.19,43.58
"1991/07/21",6.19,43.58
"1991/07/22",6.19,43.58
"1991/07/23",6.19,43.56
"1991/07/24",6.17,43.45
"1991/07/25",6.21,43.72
"1991/07/26",6.21,43.74
"1991/07/27",6.21,43.74
"1991/07/28",6.21,43.74
"1991/07/29",6.21,43.74
"1991/07/30",6.2,43.67
"1991/07/31",6.22,43.8
"1991/08/01",6.22,43.75
"1991/08/02",6.21,43.75
"1991/08/03",6.18,43.51
"1991/08/04",6.18,43.51
"1991/08/05",6.18,43.51
"1991/08/06",6.24,43.87
"1991/08/07",6.27,44.24
"1991/08/08",6.27,44.16
"1991/08/09",6.29,44.3
"1991/08/10",6.27,44.14
"1991/08/11",6.27,44.14
"1991/08/12",6.27,44.14
"1991/08/13",6.25,44.02
"1991/08/14",6.26,44.03
"1991/08/15",6.23,43.86
"1991/08/16",6.24,43.82
"1991/08/17",6.22,43.73
"1991/08/18",6.22,43.73
"1991/08/19",6.22,43.73
"1991/08/20",6.22,43.73
"1991/08/21",6.22,43.73
"1991/08/22",6.14,43.17
"1991/08/23",6.22,43.8
"1991/08/24",6.23,43.86
"1991/08/25",6.23,43.86
"1991/08/26",6.23,43.86
"1991/08/27",6.21,43.7
"1991/08/28",6.21,43.69
"1991/08/29",6.2,43.59
"1991/08/30",6.24,43.93
"1991/08/31",6.23,43.82
"1991/09/01",6.23,43.82
"1991/09/02",6.23,43.82
"1991/09/03",6.22,43.74
"1991/09/04",6.23,43.84
"1991/09/05",6.24,43.88
"1991/09/06",6.23,43.84
"1991/09/07",6.24,43.86
"1991/09/08",6.24,43.86
"1991/09/09",6.24,43.86
"1991/09/10",6.29,44.27
"1991/09/11",6.32,44.48
"1991/09/12",6.31,44.41
"1991/09/13",6.33,44.53
"1991/09/14",6.32,44.48
"1991/09/15",6.32,44.48
"1991/09/16",6.32,44.48
"1991/09/17",6.33,44.54
"1991/09/18",6.36,44.81
"1991/09/19",6.35,44.64
"1991/09/20",6.33,44.57
"1991/09/21",6.32,44.44
"1991/09/22",6.32,44.44
"1991/09/23",6.32,44.44
"1991/09/24",6.34,44.72
"1991/09/25",6.35,44.69
"1991/09/26",6.35,44.66
"1991/09/27",6.33,44.55
"1991/09/28",6.34,44.57
"1991/09/29",6.34,44.57
"1991/09/30",6.34,44.57
"1991/10/01",6.38,44.88
"1991/10/02",6.37,44.8
"1991/10/03",6.37,44.86
"1991/10/04",6.38,44.91
"1991/10/05",6.38,44.88
"1991/10/06",6.38,44.88
"1991/10/07",6.38,44.88
"1991/10/08",6.35,44.65
"1991/10/09",6.34,44.61
"1991/10/10",6.3,44.29
"1991/10/11",6.33,44.5
"1991/10/12",6.32,44.47
"1991/10/13",6.32,44.47
"1991/10/14",6.32,44.47
"1991/10/15",6.32,44.49
"1991/10/16",6.29,44.28
"1991/10/17",6.3,44.31
"1991/10/18",6.3,44.35
"1991/10/19",6.31,44.43
"1991/10/20",6.31,44.43
"1991/10/21",6.31,44.43
"1991/10/22",6.33,44.56
"1991/10/23",6.31,44.42
"1991/10/24",6.31,44.42
"1991/10/25",6.31,44.35
"1991/10/26",6.31,44.42
"1991/10/27",6.31,44.42
"1991/10/28",6.31,44.42
"1991/10/29",6.29,44.27
"1991/10/30",6.28,44.2
"1991/10/31",6.33,44.56
"1991/11/01",6.36,44.71
"1991/11/02",6.4,44.77
"1991/11/03",6.4,44.77
"1991/11/04",6.4,44.77
"1991/11/05",6.42,45.17
"1991/11/06",6.42,45.2
"1991/11/07",6.43,45.27
"1991/11/08",6.81,47.91
"1991/11/09",6.79,47.73
"1991/11/10",6.79,47.73
"1991/11/11",6.79,47.73
"1991/11/12",6.78,47.74
"1991/11/13",6.82,47.92
"1991/11/14",6.8,47.88
"1991/11/15",6.82,47.98
"1991/11/16",6.82,48.01
"1991/11/17",6.82,48.01
"1991/11/18",6.82,48.01
"1991/11/19",6.87,48.37
"1991/11/20",6.87,48.38
"1991/11/21",6.88,48.45
"1991/11/22",6.88,48.42
"1991/11/23",6.9,48.57
"1991/11/24",6.9,48.57
"1991/11/25",6.9,48.57
"1991/11/26",6.94,48.87
"1991/11/27",6.92,48.7
"1991/11/28",6.88,48.46
"1991/11/29",6.87,48.34
"1991/11/30",6.82,48.01
"1991/12/01",6.82,48.01
"1991/12/02",6.82,48.01
"1991/12/03",6.87,48.37
"1991/12/04",6.86,48.3
"1991/12/05",6.88,48.44
"1991/12/06",6.91,48.59
"1991/12/07",6.92,48.76
"1991/12/08",6.92,48.76
"1991/12/09",6.94,48.92
"1991/12/10",6.97,49.03
"1991/12/11",6.91,48.63
"1991/12/12",6.94,48.89
"1991/12/13",6.94,48.82
"1991/12/16",6.93,48.76
"1991/12/17",6.94,48.84
"1991/12/18",6.95,48.92
"1991/12/19",6.94,48.87
"1991/12/20",6.99,49.23
"1991/12/23",7.05,49.69
"1991/12/27",7.12,50.07
"1991/12/30",7.07,49.97
"1991/12/31",7.07,49.83
"1992/01/02",7.07,49.77
"1992/01/03",7.04,49.55
"1992/01/06",6.99,49.51
"1992/01/07",7.08,49.8
"1992/01/08",7.09,49.94
"1992/01/09",7.06,49.68
"1992/01/10",6.99,49.12
"1992/01/13",6.95,48.89
"1992/01/14",6.96,48.94
"1992/01/15",6.9,48.54
"1992/01/16",6.85,48.16
"1992/01/17",6.83,48.01
"1992/01/20",6.91,48.57
"1992/01/21",6.91,48.62
"1992/01/22",6.9,48.58
"1992/01/23",6.9,48.56
"1992/01/24",6.85,48.2
"1992/01/27",6.87,48.31
"1992/01/28",6.86,48.29
"1992/01/29",6.91,48.58
"1992/01/30",6.86,48.33
"1992/01/31",6.84,48.12
"1992/02/03",6.86,48.33
"1992/02/04",6.87,48.37
"1992/02/05",6.9,48.53
"1992/02/06",6.94,48.76
"1992/02/07",6.92,48.66
"1992/02/10",6.96,48.99
"1992/02/11",6.93,48.77
"1992/02/12",6.88,48.43
"1992/02/13",6.87,48.39
"1992/02/14",6.83,48.04
"1992/02/17",6.85,48.16
"1992/02/18",6.8,47.87
"1992/02/19",6.77,47.64
"1992/02/20",6.75,47.48
"1992/02/21",6.78,47.71
"1992/02/24",6.74,47.43
"1992/02/25",6.77,47.63
"1992/02/26",6.75,47.47
"1992/02/27",6.77,47.68
"1992/02/28",6.79,47.79
"1992/03/02",6.78,47.71
"1992/03/03",6.78,47.57
"1992/03/04",6.74,47.45
"1992/03/05",6.72,47.29
"1992/03/06",6.72,47.29
"1992/03/09",6.74,47.39
"1992/03/10",6.74,47.43
"1992/03/11",6.72,47.27
"1992/03/12",6.73,47.39
"1992/03/13",6.72,47.29
"1992/03/16",6.85,48.23
"1992/03/17",6.89,48.51
"1992/03/18",6.9,48.56
"1992/03/19",6.88,48.45
"1992/03/20",6.85,48.18
"1992/03/23",6.84,48.16
"1992/03/24",6.85,48.2
"1992/03/25",6.88,48.44
"1992/03/26",6.89,48.5
"1992/03/27",6.87,48.33
"1992/03/30",6.92,48.65
"1992/03/31",6.9,48.56
"1992/04/01",6.9,48.57
"1992/04/02",6.88,48.46
"1992/04/03",6.93,48.76
"1992/04/06",6.95,48.9
"1992/04/07",6.94,48.88
"1992/04/08",6.96,48.98
"1992/04/09",6.93,48.76
"1992/04/10",6.95,48.89
"1992/04/13",6.91,48.62
"1992/04/14",6.89,48.49
"1992/04/15",6.87,48.37
"1992/04/16",6.87,48.33
"1992/04/17",6.85,48.21
"1992/04/21",6.85,48.21
"1992/04/22",6.84,48.18
"1992/04/23",6.86,48.25
"1992/04/24",6.87,48.4
"1992/04/27",6.87,48.36
"1992/04/28",6.87,48.33
"1992/04/29",6.87,48.4
"1992/04/30",6.87,48.36
"1992/05/04",6.89,48.48
"1992/05/05",6.89,48.49
"1992/05/06",6.91,48.62
"1992/05/07",6.92,48.74
"1992/05/08",6.92,48.68
"1992/05/11",6.89,48.53
"1992/05/12",6.92,48.71
"1992/05/13",6.94,48.87
"1992/05/14",6.96,49.01
"1992/05/15",6.94,48.83
"1992/05/18",6.98,49.15
"1992/05/19",7,49.27
"1992/05/20",7,49.25
"1992/05/21",6.98,49.13
"1992/05/22",6.95,49
"1992/05/25",6.95,48.98
"1992/05/26",6.96,49
"1992/05/27",6.94,48.82
"1992/05/28",6.92,48.69
"1992/05/29",6.97,49.02
"1992/06/01",6.99,49.19
"1992/06/02",6.96,48.98
"1992/06/03",6.97,49.05
"1992/06/04",6.99,49.22
"1992/06/05",7,49.31
"1992/06/08",7.01,49.35
"1992/06/09",7.03,49.5
"1992/06/10",7.01,49.34
"1992/06/11",7.02,49.38
"1992/06/12",7.05,49.6
"1992/06/15",7.05,49.71
"1992/06/16",7.05,49.59
"1992/06/17",7.07,49.81
"1992/06/18",7.03,49.48
"1992/06/19",7.06,49.73
"1992/06/22",7.04,49.68
"1992/06/23",7.08,49.83
"1992/06/24",7.2,50.67
"1992/06/25",7.23,50.83
"1992/06/26",7.24,50.99
"1992/06/29",7.28,51.23
"1992/06/30",7.29,51.3
"1992/07/01",7.31,51.46
"1992/07/02",7.3,51.38
"1992/07/03",7.32,51.49
"1992/07/06",7.28,51.44
"1992/07/07",7.36,51.79
"1992/07/08",7.39,51.99
"1992/07/09",7.37,51.84
"1992/07/10",7.34,51.71
"1992/07/13",7.4,52.12
"1992/07/14",7.4,52.05
"1992/07/15",7.4,52.09
"1992/07/16",7.41,52.18
"1992/07/17",7.43,52.33
"1992/07/20",7.49,52.7
"1992/07/21",7.39,51.97
"1992/07/22",7.39,52.06
"1992/07/23",7.39,52.04
"1992/07/24",7.4,52.06
"1992/07/27",7.4,52.05
"1992/07/28",7.41,52.13
"1992/07/29",7.43,52.31
"1992/07/30",7.4,52.06
"1992/07/31",7.42,52.22
"1992/08/03",7.43,52.3
"1992/08/04",7.42,52.21
"1992/08/05",7.42,52.24
"1992/08/06",7.4,52.06
"1992/08/07",7.38,52.21
"1992/08/10",7.44,52.39
"1992/08/11",7.45,52.54
"1992/08/12",7.45,52.39
"1992/08/13",7.46,52.5
"1992/08/14",7.47,52.55
"1992/08/17",7.44,52.43
"1992/08/18",7.48,52.6
"1992/08/19",7.48,52.62
"1992/08/24",7.58,53.4
"1992/08/25",7.63,53.74
"1992/08/26",7.63,53.82
"1992/08/27",7.61,53.54
"1992/08/28",7.64,53.76
"1992/08/31",7.63,53.7
"1992/09/01",7.66,53.91
"1992/09/02",7.68,54.06
"1992/09/03",7.67,53.97
"1992/09/04",7.6,53.2
"1992/09/07",7.63,53.68
"1992/09/08",7.65,53.9
"1992/09/09",7.63,53.78
"1992/09/10",7.59,53.46
"1992/09/11",7.57,53.21
"1992/09/14",7.44,52.43
"1992/09/15",7.48,52.7
"1992/09/16",7.48,52.6
"1992/09/17",7.5,52.81
"1992/09/18",7.54,52.83
"1992/09/21",7.55,53.06
"1992/09/22",7.57,53.32
"1992/09/23",7.51,52.85
"1992/09/24",7.54,53.06
"1992/09/25",7.6,53.44
"1992/09/28",7.59,53.44
"1992/09/29",7.69,54.07
"1992/09/30",7.77,54.65
"1992/10/01",7.75,54.46
"1992/10/02",7.74,54.43
"1992/10/05",7.84,55.14
"1992/10/06",7.77,54.66
"1992/10/07",7.74,54.43
"1992/10/08",7.6,53.49
"1992/10/09",7.6,53.43
"1992/10/12",7.6,53.47
"1992/10/13",7.57,53.21
"1992/10/14",7.61,53.53
"1992/10/15",7.64,53.77
"1992/10/16",7.63,53.68
"1992/10/19",7.57,53.23
"1992/10/20",7.5,52.76
"1992/10/21",7.49,52.67
"1992/10/22",7.48,52.59
"1992/10/26",7.41,52.1
"1992/10/27",7.44,52.34
"1992/10/28",7.42,52.21
"1992/10/29",7.41,52.16
"1992/10/30",7.42,52.2
"1992/11/02",7.4,52.05
"1992/11/03",7.32,51.53
"1992/11/04",7.34,51.63
"1992/11/05",7.32,51.48
"1992/11/06",7.3,51.32
"1992/11/09",7.42,52.17
"1992/11/10",7.42,52.19
"1992/11/11",7.44,52.34
"1992/11/12",7.44,52.31
"1992/11/13",7.47,52.55
"1992/11/16",7.43,52.31
"1992/11/17",7.39,51.98
"1992/11/18",7.43,52.24
"1992/11/19",7.44,52.29
"1992/11/20",7.44,52.34
"1992/11/23",7.39,51.94
"1992/11/24",7.42,52.15
"1992/11/25",7.42,52.16
"1992/11/26",7.41,52.14
"1992/11/27",7.4,52.07
"1992/11/30",7.41,52.15
"1992/12/01",7.45,52.37
"1992/12/02",7.47,52.52
"1992/12/03",7.46,52.43
"1992/12/04",7.45,52.38
"1992/12/07",7.42,52.2
"1992/12/08",7.49,52.68
"1992/12/09",7.47,52.52
"1992/12/10",7.45,52.43
"1992/12/11",7.45,52.42
"1992/12/14",7.46,52.48
"1992/12/15",7.47,52.53
"1992/12/16",7.51,52.79
"1992/12/17",7.55,53.11
"1992/12/18",7.5,52.77
"1992/12/21",7.5,52.73
"1992/12/22",7.46,52.5
"1992/12/23",7.45,52.33
"1992/12/28",7.42,52.19
"1992/12/29",7.38,51.88
"1992/12/30",7.39,51.97
"1992/12/31",7.39,51.96
"1993/01/04",7.35,51.69
"1993/01/05",7.34,51.61
"1993/01/06",7.35,51.67
"1993/01/07",7.34,51.59
"1993/01/08",7.3,51.36
"1993/01/11",7.32,51.5
"1993/01/12",7.33,51.55
"1993/01/13",7.33,51.53
"1993/01/14",7.35,51.7
"1993/01/15",7.34,51.67
"1993/01/18",7.34,51.65
"1993/01/19",7.37,51.81
"1993/01/20",7.38,51.89
"1993/01/21",7.37,51.83
"1993/01/22",7.39,51.92
"1993/01/25",7.43,52.26
"1993/01/26",7.46,52.48
"1993/01/27",7.46,52.44
"1993/01/28",7.48,52.63
"1993/01/29",7.44,52.33
"1993/02/01",7.39,51.95
"1993/02/02",7.35,51.69
"1993/02/03",7.33,51.56
"1993/02/04",7.33,51.53
"1993/02/05",7.28,51.23
"1993/02/08",7.3,51.35
"1993/02/09",7.3,51.34
"1993/02/10",7.33,51.53
"1993/02/11",7.29,51.3
"1993/02/12",7.47,52.52
"1993/02/15",7.44,52.32
"1993/02/16",7.47,52.51
"1993/02/17",7.52,52.89
"1993/02/18",7.49,52.71
"1993/02/19",7.5,52.75
"1993/02/22",7.51,52.83
"1993/02/23",7.53,52.97
"1993/02/24",7.57,53.25
"1993/02/25",7.53,52.99
"1993/02/26",7.5,52.78
"1993/03/01",7.46,52.52
"1993/03/02",7.48,52.61
"1993/03/03",7.5,52.75
"1993/03/04",7.47,52.56
"1993/03/05",7.48,52.56
"1993/03/08",7.43,52.27
"1993/03/09",7.44,52.32
"1993/03/10",7.44,52.32
"1993/03/11",7.42,52.18
"1993/03/12",7.44,52.32
"1993/03/16",7.44,52.36
"1993/03/17",7.45,52.37
"1993/03/18",7.44,52.31
"1993/03/19",7.5,52.72
"1993/03/22",7.51,52.79
"1993/03/23",7.52,52.87
"1993/03/24",7.52,52.88
"1993/03/25",7.51,52.79
"1993/03/26",7.71,54.25
"1993/03/29",7.76,54.54
"1993/03/30",7.75,54.48
"1993/03/31",7.77,54.67
"1993/04/01",7.77,54.63
"1993/04/02",7.84,55.08
"1993/04/05",7.81,54.96
"1993/04/06",7.8,54.83
"1993/04/07",7.78,54.72
"1993/04/08",7.76,54.59
"1993/04/09",7.78,54.71
"1993/04/13",7.81,54.95
"1993/04/14",7.83,55.09
"1993/04/15",7.8,54.84
"1993/04/16",7.78,54.7
"1993/04/19",7.76,54.52
"1993/04/20",7.82,55.02
"1993/04/21",7.79,54.78
"1993/04/22",7.79,54.78
"1993/04/23",7.8,54.88
"1993/04/26",7.85,55.23
"1993/04/27",7.84,55.18
"1993/04/28",7.79,54.82
"1993/04/29",7.82,55.04
"1993/04/30",7.83,55.08
"1993/05/03",7.8,54.93
"1993/05/04",7.84,55.16
"1993/05/05",7.85,55.21
"1993/05/06",7.83,55.08
"1993/05/07",7.84,55.14
"1993/05/10",7.81,54.92
"1993/05/11",7.76,54.54
"1993/05/12",7.75,54.53
"1993/05/13",7.76,54.59
"1993/05/14",7.77,54.67
"1993/05/17",7.77,54.65
"1993/05/18",7.73,54.36
"1993/05/19",7.74,54.41
"1993/05/20",7.72,54.33
"1993/05/21",7.71,54.25
"1993/05/24",7.68,53.99
"1993/05/25",7.69,54.08
"1993/05/26",7.7,54.17
"1993/05/27",7.74,54.42
"1993/05/28",7.79,54.81
"1993/06/01",7.81,54.96
"1993/06/02",7.81,54.99
"1993/06/03",7.79,54.78
"1993/06/04",7.79,54.83
"1993/06/07",7.87,55.34
"1993/06/08",7.88,55.4
"1993/06/09",7.85,55.23
"1993/06/10",7.84,55.13
"1993/06/11",7.86,55.26
"1993/06/14",7.87,55.36
"1993/06/15",7.85,55.28
"1993/06/16",7.82,54.99
"1993/06/17",7.79,54.8
"1993/06/18",7.77,54.64
"1993/06/21",7.7,54.2
"1993/06/22",7.71,54.24
"1993/06/23",7.68,54.02
"1993/06/24",7.67,53.97
"1993/06/25",7.67,53.94
"1993/06/28",7.65,53.82
"1993/06/29",7.69,54.08
"1993/06/30",7.71,54.2
"1993/07/01",7.66,53.86
"1993/07/02",7.7,54.18
"1993/07/05",7.69,54.09
"1993/07/06",7.67,53.96
"1993/07/07",7.7,54.15
"1993/07/08",7.68,54.05
"1993/07/09",7.88,55.49
"1993/07/12",7.85,55.22
"1993/07/13",7.88,55.39
"1993/07/14",7.86,55.31
"1993/07/15",7.89,55.46
"1993/07/16",7.89,55.46
"1993/07/19",7.91,55.61
"1993/07/20",7.93,55.74
"1993/07/21",7.94,55.84
"1993/07/22",7.93,55.8
"1993/07/23",7.91,55.6
"1993/07/26",7.89,55.46
"1993/07/27",7.9,55.54
"1993/07/28",7.9,55.58
"1993/07/29",7.9,55.54
"1993/07/30",7.88,55.45
"1993/08/02",7.9,55.55
"1993/08/03",7.94,55.86
"1993/08/04",7.95,55.94
"1993/08/05",7.95,55.88
"1993/08/06",7.95,55.89
"1993/08/09",7.97,56.08
"1993/08/10",7.96,56.02
"1993/08/11",7.93,55.84
"1993/08/12",7.93,55.79
"1993/08/13",7.94,55.86
"1993/08/16",7.96,55.98
"1993/08/17",8,56.24
"1993/08/18",7.99,56.2
"1993/08/19",8.01,56.33
"1993/08/23",8.02,56.43
"1993/08/24",8.01,56.34
"1993/08/25",8.01,56.33
"1993/08/26",8.01,56.36
"1993/08/27",8.05,56.58
"1993/08/30",8.05,56.63
"1993/08/31",8.05,56.6
"1993/09/01",8.05,56.64
"1993/09/02",8.09,56.88
"1993/09/03",8.1,56.97
"1993/09/06",8.18,57.52
"1993/09/07",8.17,57.46
"1993/09/08",8.17,57.46
"1993/09/09",8.17,57.49
"1993/09/10",8.2,57.67
"1993/09/13",8.21,57.74
"1993/09/14",8.18,57.52
"1993/09/15",8.21,57.77
"1993/09/16",8.23,57.91
"1993/09/17",8.19,57.61
"1993/09/20",8.18,57.51
"1993/09/21",8.21,57.73
"1993/09/22",8.15,57.31
"1993/09/23",8.15,57.29
"1993/09/24",8.09,56.86
"1993/09/27",8.14,57.28
"1993/09/28",8.14,57.22
"1993/09/29",8.56,60.19
"1993/09/30",8.54,60.06
"1993/10/01",8.49,59.68
"1993/10/04",8.5,59.77
"1993/10/05",8.54,60.07
"1993/10/06",8.52,59.89
"1993/10/07",8.54,60.04
"1993/10/08",8.53,60.03
"1993/10/11",8.59,60.4
"1993/10/12",8.61,60.53
"1993/10/13",8.59,60.44
"1993/10/14",8.59,60.42
"1993/10/15",8.54,60.1
"1993/10/18",8.52,59.94
"1993/10/19",8.48,59.69
"1993/10/20",8.46,59.52
"1993/10/21",8.47,59.59
"1993/10/22",8.41,59.15
"1993/10/25",8.4,59.07
"1993/10/26",8.37,58.92
"1993/10/27",8.39,59.02
"1993/10/28",8.38,58.98
"1993/10/29",8.4,59.05
"1993/11/01",8.36,58.84
"1993/11/02",8.34,58.65
"1993/11/03",8.34,58.65
"1993/11/04",8.36,58.78
"1993/11/05",8.34,58.64
"1993/11/08",8.35,58.75
"1993/11/09",8.37,58.85
"1993/11/10",8.36,58.76
"1993/11/11",8.36,58.77
"1993/11/12",8.34,58.67
"1993/11/15",8.37,58.86
"1993/11/16",8.35,58.71
"1993/11/17",8.3,58.4
"1993/11/18",8.32,58.48
"1993/11/19",8.3,58.4
"1993/11/22",8.31,58.42
"1993/11/23",8.32,58.53
"1993/11/24",8.33,58.59
"1993/11/25",8.32,58.5
"1993/11/26",8.31,58.44
"1993/11/29",8.3,58.36
"1993/11/30",8.31,58.44
"1993/12/01",8.3,58.35
"1993/12/02",8.29,58.27
"1993/12/03",8.28,58.23
"1993/12/06",8.31,58.43
"1993/12/07",8.33,58.59
"1993/12/08",8.32,58.5
"1993/12/09",8.32,58.5
"1993/12/10",8.34,58.61
"1993/12/13",8.35,58.7
"1993/12/14",8.31,58.47
"1993/12/15",8.3,58.34
"1993/12/16",8.31,58.42
"1993/12/17",8.32,58.49
"1993/12/20",8.31,58.41
"1993/12/21",8.31,58.46
"1993/12/22",8.32,58.52
"1993/12/23",8.34,58.66
"1993/12/27",8.33,58.57
"1993/12/28",8.34,58.62
"1993/12/29",8.33,58.56
"1993/12/30",8.28,58.2
"1993/12/31",8.26,58.06
"1994/01/03",8.34,58.64
"1994/01/04",8.32,58.51
"1994/01/05",8.34,58.65
"1994/01/06",8.33,58.52
"1994/01/07",8.33,58.55
"1994/01/10",8.35,58.73
"1994/01/11",8.33,58.56
"1994/01/12",8.33,58.58
"1994/01/13",8.33,58.58
"1994/01/14",8.31,58.4
"1994/01/17",8.3,58.31
"1994/01/18",8.29,58.29
"1994/01/19",8.32,58.45
"1994/01/20",8.31,58.4
"1994/01/21",8.33,58.59
"1994/01/24",8.3,58.33
"1994/01/25",8.3,58.33
"1994/01/26",8.31,58.42
"1994/01/27",8.32,58.47
"1994/01/28",8.34,58.65
"1994/01/31",8.32,58.52
"1994/02/01",8.34,58.64
"1994/02/02",8.35,58.71
"1994/02/03",8.34,58.61
"1994/02/04",8.33,58.53
"1994/02/07",8.28,58.2
"1994/02/08",8.28,58.22
"1994/02/09",8.28,58.2
"1994/02/10",8.28,58.2
"1994/02/11",8.3,58.34
"1994/02/14",8.31,58.42
"1994/02/15",8.34,58.66
"1994/02/16",8.57,60.31
"1994/02/17",8.58,60.3
"1994/02/18",8.6,60.46
"1994/02/21",8.58,60.34
"1994/02/22",8.57,60.23
"1994/02/23",8.57,60.28
"1994/02/24",8.56,60.17
"1994/02/25",8.6,60.45
"1994/02/28",8.61,60.55
"1994/03/01",8.64,60.76
"1994/03/02",8.65,60.83
"1994/03/03",8.62,60.61
"1994/03/04",8.61,60.53
"1994/03/07",8.59,60.39
"1994/03/08",8.6,60.48
"1994/03/09",8.62,60.66
"1994/03/10",8.65,60.86
"1994/03/11",8.68,61.09
"1994/03/16",8.65,60.85
"1994/03/17",8.66,60.96
"1994/03/18",8.66,60.9
"1994/03/21",8.64,60.81
"1994/03/22",8.66,60.96
"1994/03/23",8.67,60.97
"1994/03/24",8.68,61.09
"1994/03/25",8.73,61.45
"1994/03/28",8.71,61.32
"1994/03/29",8.72,61.38
"1994/03/30",8.7,61.21
"1994/03/31",8.72,61.35
"1994/04/01",8.7,61.22
"1994/04/05",8.66,60.93
"1994/04/06",8.61,60.55
"1994/04/07",8.62,60.61
"1994/04/08",8.61,60.56
"1994/04/11",8.63,60.68
"1994/04/12",8.6,60.47
"1994/04/13",8.6,60.48
"1994/04/14",8.62,60.6
"1994/04/15",8.62,60.6
"1994/04/18",8.61,60.58
"1994/04/19",8.62,60.67
"1994/04/20",8.65,60.83
"1994/04/21",8.67,61.03
"1994/04/22",8.66,60.92
"1994/04/25",8.69,61.15
"1994/04/26",8.68,61.08
"1994/04/27",8.71,61.25
"1994/04/28",8.71,61.24
"1994/04/29",8.74,61.47
"1994/05/02",8.76,61.6
"1994/05/03",8.78,61.74
"1994/05/04",8.77,61.72
"1994/05/05",8.73,61.41
"1994/05/06",8.72,61.35
"1994/05/09",8.76,61.57
"1994/05/10",8.74,61.46
"1994/05/11",8.71,61.27
"1994/05/12",8.73,61.39
"1994/05/13",8.8,61.9
"1994/05/16",8.8,61.88
"1994/05/17",8.81,61.92
"1994/05/18",8.81,61.95
"1994/05/19",8.84,62.16
"1994/05/20",8.84,62.15
"1994/05/24",8.85,62.22
"1994/05/25",8.84,62.16
"1994/05/26",8.86,62.31
"1994/05/27",8.85,62.26
"1994/05/30",8.86,62.31
"1994/05/31",8.87,62.39
"1994/06/01",8.85,62.28
"1994/06/02",8.85,62.27
"1994/06/03",8.83,62.1
"1994/06/06",8.81,61.96
"1994/06/07",8.8,61.9
"1994/06/08",8.81,61.98
"1994/06/09",8.8,61.91
"1994/06/10",8.91,62.67
"1994/06/13",8.93,62.83
"1994/06/14",8.96,63.03
"1994/06/15",8.96,63.06
"1994/06/16",8.99,63.23
"1994/06/17",8.98,63.19
"1994/06/20",9.05,63.64
"1994/06/21",9.06,63.72
"1994/06/22",9.05,63.69
"1994/06/23",9.04,63.57
"1994/06/24",9.08,63.87
"1994/06/27",9.11,64.09
"1994/06/28",9.09,63.96
"1994/06/29",9.12,64.12
"1994/06/30",9.09,63.94
"1994/07/01",9.08,63.86
"1994/07/04",9.08,63.85
"1994/07/05",9.1,63.97
"1994/07/06",9.12,64.18
"1994/07/07",9.13,64.24
"1994/07/08",9.14,64.28
"1994/07/11",9.18,64.57
"1994/07/12",9.22,64.83
"1994/07/13",9.2,64.69
"1994/07/14",9.18,64.57
"1994/07/15",9.16,64.44
"1994/07/18",9.19,64.69
"1994/07/19",9.18,64.56
"1994/07/20",9.13,64.21
"1994/07/21",9.15,64.37
"1994/07/22",9.09,63.97
"1994/07/25",9.09,63.99
"1994/07/26",9.08,63.92
"1994/07/27",9.12,64.18
"1994/07/28",9.14,64.28
"1994/07/29",9.09,63.94
"1994/08/01",9.13,64.25
"1994/08/02",9.11,64.13
"1994/08/03",9.1,64.01
"1994/08/04",9.12,64.17
"1994/08/05",9.83,69.18
"1994/08/08",9.84,69.24
"1994/08/09",9.84,69.2
"1994/08/10",9.86,69.36
"1994/08/11",9.84,69.25
"1994/08/12",9.93,69.89
"1994/08/15",9.93,69.88
"1994/08/16",9.93,69.86
"1994/08/17",9.93,69.86
"1994/08/18",9.94,69.97
"1994/08/19",9.97,70.16
"1994/08/22",9.97,70.18
"1994/08/23",9.97,70.19
"1994/08/24",9.95,70.01
"1994/08/25",9.93,69.9
"1994/08/26",9.95,70
"1994/08/29",9.88,69.54
"1994/08/30",9.86,69.35
"1994/08/31",9.86,69.37
"1994/09/01",9.85,69.28
"1994/09/02",9.86,69.35
"1994/09/05",9.91,69.69
"1994/09/06",9.93,69.91
"1994/09/07",9.94,69.95
"1994/09/08",9.93,69.83
"1994/09/09",9.91,69.72
"1994/09/12",9.96,70.07
"1994/09/13",9.93,69.87
"1994/09/14",9.95,70
"1994/09/15",9.93,69.93
"1994/09/16",9.93,69.84
"1994/09/19",9.93,69.9
"1994/09/20",9.9,69.67
"1994/09/21",9.9,69.69
"1994/09/22",9.91,69.77
"1994/09/23",9.92,69.8
"1994/09/26",9.89,69.63
"1994/09/27",9.9,69.7
"1994/09/28",9.91,69.76
"1994/09/29",9.9,69.66
"1994/09/30",9.9,69.69
"1994/10/03",9.87,69.51
"1994/10/04",9.89,69.63
"1994/10/05",9.91,69.74
"1994/10/06",9.91,69.76
"1994/10/07",9.92,69.83
"1994/10/10",9.9,69.65
"1994/10/11",10.03,70.59
"1994/10/12",10.04,70.65
"1994/10/13",10.05,70.71
"1994/10/14",10.08,70.93
"1994/10/17",10.13,71.31
"1994/10/18",10.13,71.25
"1994/10/19",10.14,71.38
"1994/10/20",10.13,71.31
"1994/10/21",10.17,71.57
"1994/10/24",10.14,71.35
"1994/10/25",10.16,71.51
"1994/10/26",10.14,71.34
"1994/10/27",10.13,71.33
"1994/10/28",10.13,71.31
"1994/10/31",10.1,71.12
"1994/11/01",10.13,71.33
"1994/11/02",10.14,71.38
"1994/11/03",10.11,71.18
"1994/11/04",10.09,71.02
"1994/11/07",10.11,71.17
"1994/11/08",10.12,71.26
"1994/11/09",10.09,71.03
"1994/11/10",10.09,71.02
"1994/11/11",10.08,70.95
"1994/11/14",10.05,70.74
"1994/11/16",10.02,70.54
"1994/11/17",10.04,70.65
"1994/11/18",10.03,70.57
"1994/11/21",10.01,70.42
"1994/11/22",10.03,70.59
"1994/11/23",10.04,70.71
"1994/11/24",10.02,70.51
"1994/11/25",10.02,70.54
"1994/11/28",10,70.41
"1994/11/29",10.1,71.09
"1994/11/30",10.08,70.96
"1994/12/01",10.08,70.96
"1994/12/02",10.06,70.87
"1994/12/05",10.07,70.87
"1994/12/06",10.08,71
"1994/12/07",10.08,71.01
"1994/12/09",10.05,70.76
"1994/12/12",10.06,70.82
"1994/12/13",10.08,70.94
"1994/12/14",10.08,70.99
"1994/12/15",10.08,70.99
"1994/12/16",10.08,70.96
"1994/12/19",10.08,70.95
"1994/12/20",10.09,70.98
"1994/12/21",10.09,70.97
"1994/12/22",10.08,70.98
"1994/12/23",10.1,71.04
"1994/12/27",10.09,71
"1994/12/28",10.1,71.04
"1994/12/29",10.14,71.37
"1994/12/30",10.16,71.47
"1995/01/02",10.15,71.42
"1995/01/03",10.26,72.2
"1995/01/04",10.26,72.2
"1995/01/05",10.26,72.21
"1995/01/06",10.28,72.36
"1995/01/09",10.27,72.24
"1995/01/10",10.34,72.76
"1995/01/11",10.35,72.8
"1995/01/12",10.35,72.81
"1995/01/13",10.37,72.97
"1995/01/16",10.34,72.77
"1995/01/17",10.35,72.86
"1995/01/18",10.38,73.01
"1995/01/19",10.35,72.81
"1995/01/20",10.41,73.22
"1995/01/23",10.4,73.19
"1995/01/24",10.41,73.24
"1995/01/25",10.42,73.31
"1995/01/26",10.39,73.1
"1995/01/27",10.41,73.25
"1995/01/30",10.41,73.25
"1995/01/31",10.42,73.3
"1995/02/01",10.39,73.07
"1995/02/02",10.4,73.2
"1995/02/03",10.41,73.24
"1995/02/06",10.39,73.12
"1995/02/07",10.37,72.97
"1995/02/08",10.38,73.02
"1995/02/09",10.38,73.06
"1995/02/10",10.39,73.09
"1995/02/13",10.41,73.27
"1995/02/14",10.61,74.66
"1995/02/15",10.64,74.88
"1995/02/16",10.66,75.04
"1995/02/17",10.72,75.43
"1995/02/20",10.74,75.62
"1995/02/21",10.75,75.69
"1995/02/22",10.76,75.76
"1995/02/23",10.76,75.72
"1995/02/24",10.79,75.93
"1995/02/27",10.85,76.42
"1995/02/28",10.85,76.35
"1995/03/01",10.85,76.36
"1995/03/02",10.83,76.26
"1995/03/03",10.88,76.56
"1995/03/06",11.03,77.6
"1995/03/07",11.08,77.97
"1995/03/08",11.21,78.91
"1995/03/09",11.11,78.19
"1995/03/10",11.06,77.82
"1995/03/13",12.14,85.45
"1995/03/14",12.08,85.07
"1995/03/16",12.17,85.64
"1995/03/17",12.24,86.12
"1995/03/20",12.21,85.94
"1995/03/21",12.21,85.94
"1995/03/22",12.15,85.56
"1995/03/23",12.23,86.11
"1995/03/24",12.19,85.81
"1995/03/27",12.16,85.6
"1995/03/28",12.23,86.05
"1995/03/29",12.32,86.7
"1995/03/30",12.35,86.89
"1995/03/31",12.32,86.68
"1995/04/03",12.32,86.68
"1995/04/04",12.36,86.97
"1995/04/05",12.35,86.91
"1995/04/06",12.35,86.93
"1995/04/07",12.28,86.35
"1995/04/10",12.23,86.06
"1995/04/11",12.24,86.14
"1995/04/12",12.26,86.27
"1995/04/13",12.29,86.45
"1995/04/14",12.31,86.63
"1995/04/18",12.43,87.44
"1995/04/19",12.49,87.89
"1995/04/20",12.47,87.74
"1995/04/21",12.41,87.37
"1995/04/24",12.5,87.92
"1995/04/25",12.48,87.87
"1995/04/26",12.44,87.55
"1995/04/27",12.5,87.95
"1995/04/28",12.48,87.82
"1995/05/02",12.5,87.93
"1995/05/03",12.53,88.19
"1995/05/04",12.55,88.29
"1995/05/05",12.56,88.32
"1995/05/08",12.6,88.62
"1995/05/09",12.58,88.46
"1995/05/10",12.54,88.17
"1995/05/11",12.43,87.45
"1995/05/12",12.35,86.83
"1995/05/15",12.34,86.79
"1995/05/16",12.32,86.66
"1995/05/17",12.41,87.24
"1995/05/18",12.4,87.19
"1995/05/19",12.43,87.39
"1995/05/22",12.41,87.23
"1995/05/23",12.47,87.7
"1995/05/24",12.5,87.89
"1995/05/25",12.52,88
"1995/05/26",12.68,89.12
"1995/05/29",12.64,88.9
"1995/05/30",12.65,88.95
"1995/05/31",12.65,88.97
"1995/06/01",12.51,87.94
"1995/06/02",12.62,88.69
"1995/06/06",12.58,88.43
"1995/06/07",12.61,88.69
"1995/06/08",12.61,88.71
"1995/06/09",12.68,89.14
"1995/06/12",12.69,89.26
"1995/06/13",12.73,89.5
"1995/06/14",12.68,89.14
"1995/06/15",12.69,89.26
"1995/06/16",12.73,89.49
"1995/06/19",12.77,89.81
"1995/06/20",12.79,89.92
"1995/06/21",12.8,90
"1995/06/22",12.85,90.32
"1995/06/23",12.81,90.1
"1995/06/26",12.86,90.44
"1995/06/27",12.9,90.73
"1995/06/28",12.89,90.64
"1995/06/29",12.87,90.5
"1995/06/30",12.92,90.87
"1995/07/03",12.93,90.91
"1995/07/04",12.93,90.97
"1995/07/05",12.92,90.86
"1995/07/06",12.94,91.01
"1995/07/07",12.92,90.85
"1995/07/10",12.88,90.6
"1995/07/11",12.86,90.41
"1995/07/12",12.85,90.4
"1995/07/13",12.87,90.48
"1995/07/14",12.93,90.92
"1995/07/17",12.9,90.74
"1995/07/18",12.93,90.91
"1995/07/19",12.96,91.12
"1995/07/20",13,91.43
"1995/07/21",12.97,91.24
"1995/07/24",12.99,91.37
"1995/07/25",12.98,91.27
"1995/07/26",12.94,91.04
"1995/07/27",12.97,91.27
"1995/07/28",12.98,91.31
"1995/07/31",12.99,91.38
"1995/08/01",13,91.38
"1995/08/02",12.98,91.3
"1995/08/03",12.99,91.34
"1995/08/04",12.98,91.27
"1995/08/07",12.96,91.17
"1995/08/08",12.94,91
"1995/08/09",12.95,91.07
"1995/08/10",12.95,91.08
"1995/08/11",12.87,90.47
"1995/08/14",12.84,90.32
"1995/08/15",12.83,90.25
"1995/08/16",12.71,89.39
"1995/08/17",12.71,89.37
"1995/08/18",12.75,89.64
"1995/08/21",12.79,89.91
"1995/08/22",12.75,89.62
"1995/08/23",12.75,89.66
"1995/08/24",12.76,89.75
"1995/08/25",12.8,90.02
"1995/08/28",12.84,90.3
"1995/08/29",12.86,90.43
"1995/08/30",12.82,90.17
"1995/08/31",12.87,90.5
"1995/09/01",12.9,90.69
"1995/09/04",12.93,90.9
"1995/09/05",12.92,90.84
"1995/09/06",12.89,90.61
"1995/09/07",12.9,90.7
"1995/09/08",12.85,90.42
"1995/09/11",12.92,90.9
"1995/09/12",12.92,90.92
"1995/09/13",12.89,90.69
"1995/09/14",12.89,90.64
"1995/09/15",12.88,90.6
"1995/09/18",12.9,90.71
"1995/09/19",12.91,90.78
"1995/09/20",12.93,90.9
"1995/09/21",13.09,92.04
"1995/09/22",13.2,92.86
"1995/09/25",13.25,93.22
"1995/09/26",13.15,92.47
"1995/09/27",13.19,92.81
"1995/09/28",13.27,93.37
"1995/09/29",13.28,93.44
"1995/10/02",13.22,93.03
"1995/10/03",13.25,93.25
"1995/10/04",13.23,93.11
"1995/10/05",13.28,93.43
"1995/10/06",13.39,94.24
"1995/10/09",13.43,94.46
"1995/10/10",13.4,94.26
"1995/10/11",13.43,94.52
"1995/10/12",13.4,94.32
"1995/10/13",13.38,94.18
"1995/10/16",13.39,94.25
"1995/10/17",13.43,94.47
"1995/10/18",13.48,94.87
"1995/10/19",13.45,94.59
"1995/10/20",13.5,95.05
"1995/10/24",13.62,95.86
"1995/10/25",13.6,95.7
"1995/10/26",13.65,96.06
"1995/10/27",13.62,95.85
"1995/10/30",13.54,95.28
"1995/10/31",13.55,95.35
"1995/11/01",13.56,95.41
"1995/11/02",13.53,95.23
"1995/11/03",13.53,95.19
"1995/11/06",13.62,95.81
"1995/11/07",13.6,95.69
"1995/11/08",13.57,95.47
"1995/11/09",13.56,95.41
"1995/11/10",13.65,96.02
"1995/11/13",13.66,96.13
"1995/11/14",13.61,95.77
"1995/11/15",13.68,96.24
"1995/11/16",13.69,96.34
"1995/11/17",13.71,96.48
"1995/11/20",13.66,96.1
"1995/11/21",13.7,96.38
"1995/11/22",13.69,96.31
"1995/11/23",13.69,96.3
"1995/11/24",13.66,96.08
"1995/11/27",13.62,95.85
"1995/11/28",13.54,95.23
"1995/11/29",13.57,95.48
"1995/11/30",13.63,95.91
"1995/12/01",13.56,95.44
"1995/12/04",13.64,95.98
"1995/12/05",13.65,96.05
"1995/12/06",13.65,96.03
"1995/12/07",13.65,96.04
"1995/12/08",13.62,95.83
"1995/12/11",13.67,96.18
"1995/12/12",13.69,96.3
"1995/12/13",13.7,96.35
"1995/12/14",13.71,96.5
"1995/12/15",13.73,96.59
"1995/12/18",13.74,96.63
"1995/12/19",13.76,96.81
"1995/12/20",13.75,96.73
"1995/12/21",13.77,96.91
"1995/12/22",13.77,96.92
"1995/12/27",13.82,97.29
"1995/12/28",13.85,97.42
"1995/12/29",13.84,97.38
"1996/01/02",13.84,97.4
"1996/01/03",13.82,97.22
"1996/01/04",13.79,96.96
"1996/01/05",13.76,96.81
"1996/01/08",13.77,96.85
"1996/01/09",13.74,96.62
"1996/01/10",13.74,96.65
"1996/01/11",13.79,97.02
"1996/01/12",13.8,97.08
"1996/01/15",13.82,97.2
"1996/01/16",13.78,96.93
"1996/01/17",13.78,96.92
"1996/01/18",13.77,96.83
"1996/01/19",13.78,96.91
"1996/01/22",13.78,96.9
"1996/01/23",13.84,97.33
"1996/01/24",13.81,97.1
"1996/01/25",13.87,97.54
"1996/01/26",13.89,97.65
"1996/01/29",13.89,97.66
"1996/01/30",13.89,97.67
"1996/01/31",13.85,97.43
"1996/02/01",13.86,97.44
"1996/02/02",13.87,97.53
"1996/02/05",13.93,97.96
"1996/02/06",13.97,98.25
"1996/02/07",13.94,98.01
"1996/02/08",13.93,97.94
"1996/02/09",13.96,98.18
"1996/02/12",13.94,98.05
"1996/02/13",13.96,98.14
"1996/02/14",14,98.43
"1996/02/15",14.04,98.73
"1996/02/16",14.02,98.56
"1996/02/19",14.11,99.22
"1996/02/20",14.09,99.05
"1996/02/21",14.08,99
"1996/02/22",14.08,99.06
"1996/02/23",14.08,99.03
"1996/02/26",14.13,99.42
"1996/02/27",14.09,99.05
"1996/02/28",14.04,98.77
"1996/02/29",14.01,98.49
"1996/03/01",13.98,98.34
"1996/03/04",14.01,98.53
"1996/03/05",13.96,98.14
"1996/03/06",13.97,98.21
"1996/03/07",13.98,98.33
"1996/03/08",14.01,98.53
"1996/03/11",14.02,98.62
"1996/03/12",14.01,98.54
"1996/03/13",14.09,99.07
"1996/03/14",14.1,99.11
"1996/03/18",14.08,99.04
"1996/03/19",14.07,98.95
"1996/03/20",14.09,99.06
"1996/03/21",14.09,99.11
"1996/03/22",14.1,99.17
"1996/03/25",14.1,99.17
"1996/03/26",14.1,99.17
"1996/03/27",14.08,99
"1996/03/28",14.09,99.1
"1996/03/29",14.14,99.44
"1996/04/01",14.11,99.26
"1996/04/02",14.11,99.26
"1996/04/03",14.12,99.31
"1996/04/04",14.14,99.41
"1996/04/05",14.13,99.37
"1996/04/09",14.11,99.23
"1996/04/10",14.05,98.85
"1996/04/11",14.05,98.79
"1996/04/12",14.07,98.96
"1996/04/15",14.02,98.56
"1996/04/16",14.06,98.81
"1996/04/17",14.04,98.75
"1996/04/18",14.08,99.04
"1996/04/19",14.08,99.03
"1996/04/22",14.01,98.55
"1996/04/23",14.01,98.54
"1996/04/24",14,98.47
"1996/04/25",13.99,98.4
"1996/04/26",13.98,98.38
"1996/04/29",14.02,98.59
"1996/04/30",14.03,98.68
"1996/05/02",14.02,98.66
"1996/05/03",14.05,98.88
"1996/05/06",14.06,98.96
"1996/05/07",14.08,99.01
"1996/05/08",14.07,98.99
"1996/05/09",14.15,99.53
"1996/05/10",14.13,99.39
"1996/05/13",14.07,99.02
"1996/05/14",14.07,99.02
"1996/05/15",14.1,99.19
"1996/05/16",14.1,99.19
"1996/05/17",14.11,99.29
"1996/05/20",14.08,99.11
"1996/05/21",14.09,99.15
"1996/05/22",14.07,98.99
"1996/05/23",14.07,99.01
"1996/05/24",14.07,99.03
"1996/05/28",14.06,98.93
"1996/05/29",14.06,98.97
"1996/05/30",14.15,99.54
"1996/05/31",14.13,99.4
"1996/06/03",14.18,99.74
"1996/06/04",14.14,99.46
"1996/06/05",14.14,99.47
"1996/06/06",14.17,99.69
"1996/06/07",14.18,99.77
"1996/06/10",14.16,99.66
"1996/06/11",14.17,99.75
"1996/06/12",14.16,99.66
"1996/06/13",14.2,99.89
"1996/06/14",14.26,100.31
"1996/06/17",14.26,100.29
"1996/06/18",14.27,100.44
"1996/06/19",14.28,100.48
"1996/06/20",14.26,100.33
"1996/06/21",14.24,100.22
"1996/06/24",14.22,100.07
"1996/06/25",14.22,100.14
"1996/06/26",14.25,100.27
"1996/06/27",14.27,100.45
"1996/06/28",14.28,100.51
"1996/07/01",14.29,100.54
"1996/07/02",14.29,100.51
"1996/07/03",14.28,100.48
"1996/07/04",14.31,100.72
"1996/07/05",14.3,100.65
"1996/07/08",14.29,100.59
"1996/07/09",14.34,100.94
"1996/07/10",14.34,100.94
"1996/07/11",14.37,101.02
"1996/07/12",14.39,101.29
"1996/07/15",14.37,101.12
"1996/07/16",14.46,101.74
"1996/07/17",14.54,102.28
"1996/07/18",14.54,102.32
"1996/07/19",14.54,102.31
"1996/07/22",14.54,102.35
"1996/07/23",14.59,102.66
"1996/07/24",14.59,102.64
"1996/07/25",14.6,102.75
"1996/07/26",14.67,103.23
"1996/07/29",14.64,103.03
"1996/07/30",14.67,103.25
"1996/07/31",14.72,103.54
"1996/08/01",14.7,103.45
"1996/08/02",14.7,103.45
"1996/08/05",14.72,103.6
"1996/08/06",14.67,103.26
"1996/08/07",14.71,103.52
"1996/08/08",14.71,103.54
"1996/08/09",14.74,103.75
"1996/08/12",14.78,103.99
"1996/08/13",14.78,103.99
"1996/08/14",14.77,103.95
"1996/08/15",14.74,103.73
"1996/08/16",14.73,103.67
"1996/08/21",14.77,103.93
"1996/08/22",14.79,104.12
"1996/08/23",14.77,103.89
"1996/08/26",14.83,104.32
"1996/08/27",14.84,104.41
"1996/08/28",14.84,104.4
"1996/08/29",14.87,104.6
"1996/08/30",14.85,104.49
"1996/09/02",14.82,104.32
"1996/09/03",14.81,104.24
"1996/09/04",14.83,104.4
"1996/09/05",14.86,104.57
"1996/09/06",14.86,104.55
"1996/09/09",14.82,104.32
"1996/09/10",14.78,104.02
"1996/09/11",14.75,103.73
"1996/09/12",14.78,104.02
"1996/09/13",14.78,103.99
"1996/09/16",14.78,104.04
"1996/09/17",14.79,104.06
"1996/09/18",14.77,103.92
"1996/09/19",14.81,104.19
"1996/09/20",14.77,103.96
"1996/09/23",14.75,103.76
"1996/09/24",14.77,103.93
"1996/09/25",14.79,104.04
"1996/09/26",14.73,103.65
"1996/09/27",14.75,103.73
"1996/09/30",14.74,103.71
"1996/10/01",14.77,103.88
"1996/10/02",14.76,103.86
"1996/10/03",14.75,103.75
"1996/10/04",14.75,103.76
"1996/10/07",14.75,103.77
"1996/10/08",14.77,103.88
"1996/10/09",14.75,103.78
"1996/10/10",14.77,103.91
"1996/10/11",14.76,103.86
"1996/10/14",14.76,103.85
"1996/10/15",14.73,103.59
"1996/10/16",14.73,103.63
"1996/10/17",14.76,103.8
"1996/10/18",14.74,103.7
"1996/10/21",14.75,103.75
"1996/10/22",14.79,104.05
"1996/10/24",14.87,104.63
"1996/10/25",14.84,104.36
"1996/10/28",14.84,104.44
"1996/10/29",14.91,104.85
"1996/10/30",14.94,105.1
"1996/10/31",14.92,105
"1996/11/01",14.88,104.7
"1996/11/04",14.92,104.99
"1996/11/05",14.92,105.04
"1996/11/06",14.9,104.82
"1996/11/07",14.99,105.48
"1996/11/08",15,105.51
"1996/11/11",15.02,105.66
"1996/11/12",15.06,105.95
"1996/11/13",15.02,105.65
"1996/11/14",15.01,105.64
"1996/11/15",15.01,105.64
"1996/11/18",15.01,105.63
"1996/11/19",15.02,105.71
"1996/11/20",15.03,105.78
"1996/11/21",15.05,105.95
"1996/11/22",15.06,105.96
"1996/11/25",14.98,105.45
"1996/11/26",14.98,105.37
"1996/11/27",14.97,105.3
"1996/11/28",14.96,105.29
"1996/11/29",14.95,105.19
"1996/12/02",14.92,104.98
"1996/12/03",14.85,104.42
"1996/12/04",14.88,104.73
"1996/12/05",14.89,104.78
"1996/12/06",15,105.53
"1996/12/09",14.95,105.2
"1996/12/10",14.95,105.19
"1996/12/11",15.02,105.64
"1996/12/12",15.02,105.66
"1996/12/13",15.02,105.71
"1996/12/16",14.98,105.37
"1996/12/17",15.03,105.76
"1996/12/18",15.03,105.76
"1996/12/19",15.03,105.77
"1996/12/20",15.06,105.96
"1996/12/23",15.07,106.05
"1996/12/27",15.07,106.04
"1996/12/30",15.09,106.15
"1996/12/31",15.09,106.17
"1997/01/02",14.79,104.07
"1997/01/03",14.81,104.13
"1997/01/06",14.75,103.79
"1997/01/07",14.76,103.85
"1997/01/08",14.75,103.78
"1997/01/09",14.75,103.79
"1997/01/10",14.75,103.77
"1997/01/13",14.75,103.77
"1997/01/14",14.73,103.64
"1997/01/15",14.72,103.54
"1997/01/16",14.78,104
"1997/01/17",14.74,103.73
"1997/01/20",14.68,103.27
"1997/01/21",14.69,103.33
"1997/01/22",14.63,102.95
"1997/01/23",14.66,103.15
"1997/01/24",14.7,103.4
"1997/01/27",14.7,103.39
"1997/01/28",14.65,103.1
"1997/01/29",14.65,103.06
"1997/01/30",14.73,103.63
"1997/01/31",14.73,103.61
"1997/02/03",14.72,103.47
"1997/02/04",14.72,103.6
"1997/02/05",14.71,103.53
"1997/02/06",14.72,103.55
"1997/02/07",14.69,103.4
"1997/02/10",14.71,103.56
"1997/02/11",14.69,103.29
"1997/02/12",14.67,103.26
"1997/02/13",14.67,103.25
"1997/02/14",14.69,103.34
"1997/02/17",14.69,103.37
"1997/02/18",14.65,103.11
"1997/02/19",14.7,103.47
"1997/02/20",14.72,103.58
"1997/02/21",14.72,103.54
"1997/02/24",14.76,103.9
"1997/02/25",14.75,103.85
"1997/02/26",14.8,104.12
"1997/02/27",14.76,103.9
"1997/02/28",14.77,103.92
"1997/03/03",14.78,104.03
"1997/03/04",14.71,103.51
"1997/03/05",14.7,103.47
"1997/03/06",14.71,103.52
"1997/03/07",14.73,103.66
"1997/03/10",14.75,103.8
"1997/03/11",14.75,103.79
"1997/03/12",14.75,103.79
"1997/03/13",14.8,104.18
"1997/03/14",14.79,104.1
"1997/03/17",14.85,104.52
"1997/03/18",14.85,104.5
"1997/03/19",14.88,104.71
"1997/03/20",14.9,104.85
"1997/03/21",14.86,104.55
"1997/03/24",14.87,104.64
"1997/03/25",14.88,104.73
"1997/03/26",14.89,104.78
"1997/03/27",14.92,105.05
"1997/03/28",14.94,105.12
"1997/04/01",14.96,105.31
"1997/04/02",14.95,105.3
"1997/04/03",14.97,105.39
"1997/04/04",14.97,105.37
"1997/04/07",14.92,105.02
"1997/04/08",14.88,104.72
"1997/04/09",14.89,104.76
"1997/04/10",14.9,104.83
"1997/04/11",14.89,104.77
"1997/04/14",14.89,104.79
"1997/04/15",14.87,104.67
"1997/04/16",14.9,104.81
"1997/04/17",14.92,104.91
"1997/04/18",14.94,105.13
"1997/04/21",14.98,105.48
"1997/04/22",14.97,105.38
"1997/04/23",14.96,105.31
"1997/04/24",14.97,105.38
"1997/04/25",14.98,105.42
"1997/04/28",14.95,105.21
"1997/04/29",14.98,105.4
"1997/04/30",14.99,105.51
"1997/05/05",14.99,105.52
"1997/05/06",15,105.6
"1997/05/07",15.03,105.79
"1997/05/08",15.06,105.97
"1997/05/09",15.09,106.21
"1997/05/12",15.15,106.57
"1997/05/13",15.12,106.42
"1997/05/14",15.11,106.32
"1997/05/15",15.16,106.7
"1997/05/16",15.15,106.61
"1997/05/20",15.16,106.73
"1997/05/21",15.19,106.92
"1997/05/22",15.21,106.98
"1997/05/23",15.23,107.12
"1997/05/26",15.25,107.27
"1997/05/27",15.23,107.17
"1997/05/28",15.23,107.18
"1997/05/29",15.21,107.07
"1997/05/30",15.24,107.32
"1997/06/02",15.19,106.87
"1997/06/03",15.17,106.79
"1997/06/04",15.14,106.6
"1997/06/05",15.18,106.84
"1997/06/06",15.16,106.68
"1997/06/09",15.2,106.95
"1997/06/10",15.24,107.27
"1997/06/11",15.24,107.21
"1997/06/12",15.22,107.13
"1997/06/13",15.21,107.05
"1997/06/16",15.21,107.01
"1997/06/17",15.21,106.99
"1997/06/18",15.25,107.28
"1997/06/19",15.25,107.3
"1997/06/20",15.26,107.39
"1997/06/23",15.27,107.41
"1997/06/24",15.28,107.55
"1997/06/25",15.29,107.61
"1997/06/26",15.3,107.68
"1997/06/27",15.31,107.72
"1997/06/30",15.27,107.48
"1997/07/01",15.26,107.38
"1997/07/02",15.28,107.53
"1997/07/03",15.26,107.36
"1997/07/04",15.28,107.51
"1997/07/07",15.3,107.66
"1997/07/08",15.27,107.49
"1997/07/09",15.27,107.41
"1997/07/10",15.28,107.54
"1997/07/11",15.3,107.72
"1997/07/14",15.24,107.19
"1997/07/15",15.22,107.05
"1997/07/16",15.23,107.13
"1997/07/17",15.24,107.26
"1997/07/18",15.26,107.4
"1997/07/21",15.23,107.35
"1997/07/22",15.22,107.13
"1997/07/23",15.17,106.78
"1997/07/24",15.19,106.87
"1997/07/25",15.19,106.9
"1997/07/28",15.18,106.79
"1997/07/29",15.19,106.86
"1997/07/30",15.19,106.85
"1997/07/31",15.21,107
"1997/08/01",15.19,106.87
"1997/08/04",15.14,106.49
"1997/08/05",15.13,106.51
"1997/08/06",15.11,106.3
"1997/08/07",15.13,106.5
"1997/08/08",15.16,106.65
"1997/08/11",15.2,106.96
"1997/08/12",15.21,107.01
"1997/08/13",15.24,107.2
"1997/08/14",15.3,107.66
"1997/08/15",15.27,107.41
"1997/08/18",15.35,108
"1997/08/19",15.29,107.61
"1997/08/21",15.26,107.4
"1997/08/22",15.33,107.84
"1997/08/25",15.35,108.03
"1997/08/26",15.42,108.49
"1997/08/27",15.42,108.57
"1997/08/28",15.4,108.38
"1997/08/29",15.47,108.87
"1997/09/01",15.43,108.57
"1997/09/02",15.42,108.47
"1997/09/03",15.41,108.42
"1997/09/04",15.44,108.66
"1997/09/05",15.46,108.77
"1997/09/08",15.49,109.02
"1997/09/09",15.47,108.84
"1997/09/10",15.47,108.82
"1997/09/11",15.54,109.35
"1997/09/12",15.57,109.54
"1997/09/15",15.61,109.81
"1997/09/16",15.62,109.92
"1997/09/17",15.62,109.92
"1997/09/18",15.64,110.12
"1997/09/19",15.61,109.85
"1997/09/22",15.61,109.8
"1997/09/23",15.59,109.65
"1997/09/24",15.62,109.92
"1997/09/25",15.66,110.19
"1997/09/26",15.73,110.68
"1997/09/29",15.71,110.57
"1997/09/30",15.69,110.37
"1997/10/01",15.73,110.71
"1997/10/02",15.7,110.49
"1997/10/03",15.7,110.47
"1997/10/06",15.76,110.9
"1997/10/07",15.76,110.9
"1997/10/08",15.76,110.9
"1997/10/09",15.8,111.18
"1997/10/10",15.83,111.41
"1997/10/13",15.79,111.1
"1997/10/14",15.82,111.34
"1997/10/15",15.81,111.3
"1997/10/16",15.85,111.53
"1997/10/17",15.82,111.32
"1997/10/20",15.79,111.11
"1997/10/21",15.8,111.21
"1997/10/22",15.76,110.95
"1997/10/27",15.85,111.53
"1997/10/28",16.11,113.34
"1997/10/29",15.96,112.33
"1997/10/30",16.07,113.12
"1997/10/31",16.03,112.82
"1997/11/03",15.97,112.42
"1997/11/04",16.03,112.78
"1997/11/05",16.07,113.04
"1997/11/06",16.05,112.97
"1997/11/07",16.16,113.53
"1997/11/10",16.11,113.35
"1997/11/11",16.14,113.57
"1997/11/12",16.12,113.45
"1997/11/13",16.1,113.37
"1997/11/14",16.1,113.29
"1997/11/17",16.07,113.08
"1997/11/18",16.1,113.34
"1997/11/19",16.09,113.24
"1997/11/20",16.11,113.37
"1997/11/21",16.09,113.19
"1997/11/24",16.12,113.44
"1997/11/25",16.14,113.56
"1997/11/26",16.11,113.38
"1997/11/27",16.07,113.06
"1997/11/28",16.06,113.04
"1997/12/01",16.03,112.83
"1997/12/02",16.04,112.88
"1997/12/03",16.05,112.9
"1997/12/04",16.07,113.05
"1997/12/05",16.08,113.15
"1997/12/08",16.06,112.91
"1997/12/09",16.04,112.89
"1997/12/10",16.04,112.83
"1997/12/11",16.08,113.19
"1997/12/12",16.12,113.34
"1997/12/15",16.12,113.4
"1997/12/16",16.11,113.37
"1997/12/17",16.15,113.61
"1997/12/18",16.13,113.48
"1997/12/19",16.15,113.61
"1997/12/22",16.14,113.58
"1997/12/23",16.22,114.11
"1997/12/29",16.26,114.37
"1997/12/30",16.17,113.76
"1997/12/31",16.15,113.59
"1998/01/05",16.09,113.17
"1998/01/06",16.2,113.02
"1998/01/07",16.06,112.96
"1998/01/08",16.05,112.95
"1998/01/09",16.12,113.39
"1998/01/12",16.12,113.41
"1998/01/13",16.1,113.27
"1998/01/14",16.11,113.28
"1998/01/15",16.13,113.48
"1998/01/16",16.11,113.32
"1998/01/19",16.07,113.07
"1998/01/20",16.09,113.18
"1998/01/21",16.12,113.35
"1998/01/22",16.19,113.93
"1998/01/23",16.24,114.2
"1998/01/26",16.31,114.64
"1998/01/27",16.27,114.43
"1998/01/28",16.24,114.21
"1998/01/29",16.23,114.2
"1998/01/30",16.17,113.78
"1998/02/02",16.16,113.66
"1998/02/03",16.22,114.11
"1998/02/04",16.21,114.08
"1998/02/05",16.28,114.5
"1998/02/06",16.3,114.66
"1998/02/09",16.26,114.39
"1998/02/10",16.26,114.45
"1998/02/11",16.26,114.35
"1998/02/12",16.27,114.47
"1998/02/13",16.26,114.41
"1998/02/16",16.26,114.4
"1998/02/17",16.28,114.53
"1998/02/18",16.27,114.41
"1998/02/19",16.3,114.7
"1998/02/20",16.3,114.69
"1998/02/23",16.31,114.71
"1998/02/24",16.36,115.08
"1998/02/25",16.36,115.06
"1998/02/26",16.32,114.84
"1998/02/27",16.35,115.06
"1998/03/02",16.38,115.22
"1998/03/03",16.34,114.96
"1998/03/04",16.36,115.07
"1998/03/05",16.38,115.25
"1998/03/06",16.33,114.9
"1998/03/09",16.34,114.93
"1998/03/10",16.35,115.01
"1998/03/11",16.34,115
"1998/03/12",16.36,115.11
"1998/03/13",16.38,115.2
"1998/03/16",16.4,115.35
"1998/03/17",16.41,115.42
"1998/03/18",16.42,115.5
"1998/03/19",16.39,115.34
"1998/03/20",16.39,115.34
"1998/03/23",16.4,115.38
"1998/03/24",16.41,115.47
"1998/03/25",16.42,115.55
"1998/03/26",16.44,115.62
"1998/03/27",16.47,115.81
"1998/03/30",16.44,115.63
"1998/03/31",16.4,115.37
"1998/04/01",16.4,115.38
"1998/04/02",16.41,115.44
"1998/04/03",16.41,115.43
"1998/04/06",16.44,115.65
"1998/04/07",16.46,115.78
"1998/04/08",16.5,116.1
"1998/04/09",16.53,116.32
"1998/04/10",16.54,116.38
"1998/04/14",16.57,116.55
"1998/04/15",16.59,116.72
"1998/04/16",16.6,116.8
"1998/04/17",16.62,116.93
"1998/04/20",16.6,116.75
"1998/04/21",16.65,117.17
"1998/04/22",16.66,117.2
"1998/04/23",16.68,117.32
"1998/04/24",16.67,117.3
"1998/04/27",16.67,117.28
"1998/04/28",16.7,117.47
"1998/04/29",16.69,117.42
"1998/04/30",16.71,117.55
"1998/05/04",16.74,117.77
"1998/05/05",16.78,118.01
"1998/05/06",16.78,118.04
"1998/05/07",16.82,118.38
"1998/05/08",16.82,118.33
"1998/05/11",16.82,118.35
"1998/05/12",16.8,118.22
"1998/05/13",16.79,118.14
"1998/05/14",16.82,118.36
"1998/05/15",16.81,118.31
"1998/05/18",16.82,118.34
"1998/05/19",16.85,118.55
"1998/05/20",16.88,118.74
"1998/05/21",16.95,119.26
"1998/05/22",16.95,119.23
"1998/05/25",16.99,119.46
"1998/05/26",16.98,119.49
"1998/05/27",17,119.66
"1998/05/28",17.1,120.35
"1998/05/29",17.18,120.84
"1998/06/02",17.14,120.61
"1998/06/03",17.16,120.72
"1998/06/04",17.06,119.98
"1998/06/05",17.04,119.86
"1998/06/08",17.03,119.82
"1998/06/09",17.04,119.93
"1998/06/10",17.04,119.9
"1998/06/11",17.04,119.96
"1998/06/12",17.12,120.48
"1998/06/15",17.06,120.06
"1998/06/16",17.18,120.8
"1998/06/17",17.24,121.27
"1998/06/18",17.18,120.85
"1998/06/19",17.12,120.41
"1998/06/22",17.14,120.61
"1998/06/23",17.15,120.66
"1998/06/24",17.15,120.59
"1998/06/25",17.18,120.86
"1998/06/26",17.21,121.13
"1998/06/29",17.14,120.62
"1998/06/30",17.24,121.2
"1998/07/01",17.18,120.84
"1998/07/02",17.19,120.91
"1998/07/03",17.17,120.74
"1998/07/06",17.2,120.99
"1998/07/07",17.18,120.92
"1998/07/08",17.18,120.92
"1998/07/09",17.17,120.74
"1998/07/10",17.18,120.84
"1998/07/13",17.22,121.18
"1998/07/14",17.2,121.04
"1998/07/15",17.19,120.88
"1998/07/16",17.23,121.2
"1998/07/17",17.23,121.24
"1998/07/20",17.25,121.34
"1998/07/21",17.2,120.98
"1998/07/22",17.21,121.11
"1998/07/23",17.21,121.09
"1998/07/24",17.26,121.46
"1998/07/27",17.24,121.27
"1998/07/28",17.23,121.17
"1998/07/29",17.27,121.45
"1998/07/30",17.29,121.64
"1998/07/31",17.25,121.36
"1998/08/03",17.23,121.24
"1998/08/04",17.27,121.5
"1998/08/05",17.3,121.69
"1998/08/06",17.33,121.96
"1998/08/07",17.41,122.47
"1998/08/10",17.41,122.46
"1998/08/11",17.43,122.64
"1998/08/12",17.58,123.66
"1998/08/13",17.69,124.64
"1998/08/14",17.6,123.77
"1998/08/17",17.65,124.18
"1998/08/18",17.64,124.05
"1998/08/19",17.74,124.74
"1998/08/24",17.82,125.38
"1998/08/25",17.78,125.08
"1998/08/26",17.85,125.53
"1998/08/27",17.88,125.78
"1998/08/28",18.03,126.79
"1998/08/31",18,126.69
"1998/09/01",18.14,127.66
"1998/09/02",18.11,127.42
"1998/09/03",18.22,128.17
"1998/09/04",18.22,128.18
"1998/09/07",18.29,128.63
"1998/09/08",18.23,128.27
"1998/09/09",18.26,128.5
"1998/09/10",18.39,129.34
"1998/09/11",18.43,129.7
"1998/09/14",18.41,129.56
"1998/09/15",18.45,129.79
"1998/09/16",18.44,129.7
"1998/09/17",18.48,130.01
"1998/09/18",18.47,129.96
"1998/09/21",18.51,130.21
"1998/09/22",18.47,129.93
"1998/09/23",18.5,130.16
"1998/09/24",18.53,130.37
"1998/09/25",18.58,130.75
"1998/09/28",18.53,130.39
"1998/09/29",18.56,130.65
"1998/09/30",18.57,130.68
"1998/10/01",18.64,131.14
"1998/10/02",18.74,131.82
"1998/10/05",18.72,131.68
"1998/10/06",18.74,131.87
"1998/10/07",18.79,132.17
"1998/10/08",18.88,132.66
"1998/10/09",18.69,131.46
"1998/10/12",18.62,131.02
"1998/10/13",18.76,131.94
"1998/10/14",18.77,131.99
"1998/10/15",18.78,132.12
"1998/10/16",18.85,132.62
"1998/10/19",18.83,132.46
"1998/10/20",18.79,132.21
"1998/10/21",18.76,132
"1998/10/22",18.69,131.51
"1998/10/26",18.85,131.45
"1998/10/27",18.58,130.68
"1998/10/28",18.66,131.29
"1998/10/29",18.64,131.16
"1998/10/30",18.6,130.87
"1998/11/02",18.59,130.79
"1998/11/03",18.47,129.96
"1998/11/04",18.37,129.26
"1998/11/05",18.4,129.43
"1998/11/06",18.34,128.99
"1998/11/09",18.33,129.01
"1998/11/10",18.27,128.51
"1998/11/11",18.32,128.92
"1998/11/12",18.39,129.39
"1998/11/13",18.42,129.56
"1998/11/16",18.44,129.7
"1998/11/17",18.46,129.92
"1998/11/18",18.45,129.78
"1998/11/19",18.46,129.91
"1998/11/20",18.44,129.74
"1998/11/23",18.34,129.04
"1998/11/24",18.33,128.96
"1998/11/25",18.43,129.68
"1998/11/26",18.47,129.91
"1998/11/27",18.44,129.77
"1998/11/30",18.4,129.43
"1998/12/01",18.46,129.89
"1998/12/02",18.53,130.44
"1998/12/03",18.64,131.12
"1998/12/04",18.62,131
"1998/12/07",18.52,130.28
"1998/12/08",18.5,130.17
"1998/12/09",18.55,130.47
"1998/12/10",18.61,130.93
"1998/12/11",18.7,131.6
"1998/12/14",18.69,131.47
"1998/12/15",18.66,131.26
"1998/12/16",18.56,130.55
"1998/12/17",18.5,130.19
"1998/12/18",18.44,129.71
"1998/12/21",18.17,127.87
"1998/12/22",18.26,128.48
"1998/12/23",18.29,128.69
"1998/12/28",18.54,130.47
"1998/12/29",18.45,129.83
"1998/12/30",18.3,128.78
"1998/12/31",18.57,130.65
"1999/01/04",18.27,128.55
"1999/01/05",18.23,128.27
"1999/01/06",18.22,128.18
"1999/01/07",18.19,127.96
"1999/01/08",18.19,127.98
"1999/01/11",18.15,127.71
"1999/01/12",18.09,127.25
"1999/01/13",18.38,129.35
"1999/01/14",18.51,130.22
"1999/01/15",18.46,129.86
"1999/01/18",18.25,128.4
"1999/01/19",18.18,127.88
"1999/01/20",18.19,127.99
"1999/01/21",18.19,127.97
"1999/01/22",18.21,128.15
"1999/01/25",18.21,128.13
"1999/01/26",18.2,128.04
"1999/01/27",18.19,128
"1999/01/28",18.16,127.74
"1999/01/29",18.12,127.48
"1999/02/01",18.12,127.45
"1999/02/02",18.08,127.18
"1999/02/03",18.1,127.34
"1999/02/04",18.08,127.21
"1999/02/05",18.1,127.34
"1999/02/08",18.06,127.09
"1999/02/09",18.17,127.82
"1999/02/10",18.19,128.01
"1999/02/11",18.15,127.73
"1999/02/12",18.1,127.36
"1999/02/15",18.16,127.78
"1999/02/16",18.16,127.75
"1999/02/17",18.22,128.17
"1999/02/18",18.38,129.3
"1999/02/19",18.34,129.07
"1999/02/22",18.17,127.85
"1999/02/23",18.17,127.83
"1999/02/24",18.21,128.13
"1999/02/25",18.34,129.01
"1999/02/26",18.4,129.44
"1999/03/01",18.47,129.92
"1999/03/02",18.31,128.8
"1999/03/03",18.43,129.69
"1999/03/04",18.54,130.42
"1999/03/05",18.42,129.6
"1999/03/08",18.34,129.01
"1999/03/09",18.22,128.21
"1999/03/10",18.35,129.12
"1999/03/11",18.52,130.28
"1999/03/12",18.43,129.66
"1999/03/16",18.42,129.62
"1999/03/17",18.41,129.55
"1999/03/18",18.49,130.08
"1999/03/19",18.46,129.85
"1999/03/22",18.41,129.56
"1999/03/23",18.49,130.08
"1999/03/24",18.62,131
"1999/03/25",18.6,130.87
"1999/03/26",18.48,130.04
"1999/03/29",18.48,130.04
"1999/03/30",18.52,130.32
"1999/03/31",18.53,130.34
"1999/04/01",18.49,130.12
"1999/04/02",18.42,129.63
"1999/04/06",18.45,129.8
"1999/04/07",18.44,129.73
"1999/04/08",18.4,129.46
"1999/04/09",18.39,129.41
"1999/04/12",18.51,130.25
"1999/04/13",18.43,129.69
"1999/04/14",18.48,129.99
"1999/04/15",18.44,129.75
"1999/04/16",18.37,129.23
"1999/04/19",18.34,129.01
"1999/04/20",18.26,128.47
"1999/04/21",18.21,128.09
"1999/04/22",18.22,128.2
"1999/04/23",18.21,128.14
"1999/04/26",18.22,128.22
"1999/04/27",18.21,128.14
"1999/04/28",18.3,128.73
"1999/04/29",18.2,128.04
"1999/04/30",18.21,128.13
"1999/05/03",18.17,127.83
"1999/05/04",18.1,127.38
"1999/05/05",18.16,127.78
"1999/05/06",18.24,128.33
"1999/05/07",18.28,128.62
"1999/05/10",18.21,128.1
"1999/05/11",18.22,128.19
"1999/05/12",18.16,127.77
"1999/05/13",18.18,127.93
"1999/05/14",18.18,127.89
"1999/05/17",18.19,127.96
"1999/05/18",18.19,128
"1999/05/19",18.17,127.81
"1999/05/20",18.17,127.8
"1999/05/21",18.17,127.81
"1999/05/25",18.22,128.21
"1999/05/26",18.24,128.36
"1999/05/27",18.13,127.55
"1999/05/28",18.14,127.65
"1999/05/31",18.15,127.73
"1999/06/01",18.11,127.4
"1999/06/02",18.07,127.11
"1999/06/03",18.07,127.15
"1999/06/04",18.04,126.92
"1999/06/07",18.04,126.95
"1999/06/08",18.09,127.31
"1999/06/09",18.13,127.55
"1999/06/10",18.16,127.77
"1999/06/11",18.18,127.9
"1999/06/14",18.17,127.8
"1999/06/15",18.13,127.58
"1999/06/16",18.11,127.44
"1999/06/17",18.11,127.44
"1999/06/18",18.1,127.37
"1999/06/21",18.14,127.63
"1999/06/22",18.13,127.53
"1999/06/23",18.1,127.37
"1999/06/24",18.15,127.68
"1999/06/25",18.21,128.11
"1999/06/28",18.18,127.94
"1999/06/29",18.15,127.72
"1999/06/30",18.14,127.6
"1999/07/01",18.17,127.82
"1999/07/02",18.11,127.39
"1999/07/05",18.11,127.39
"1999/07/06",18.1,127.33
"1999/07/07",18.12,127.45
"1999/07/08",18.1,127.32
"1999/07/09",18.1,127.32
"1999/07/12",18.08,127.21
"1999/07/13",18.07,127.14
"1999/07/14",18.09,127.3
"1999/07/15",18.13,127.54
"1999/07/16",18.12,127.49
"1999/07/19",18.1,127.31
"1999/07/20",18.22,128.2
"1999/07/21",18.27,128.54
"1999/07/22",18.3,128.72
"1999/07/23",18.3,128.78
"1999/07/26",18.35,129.07
"1999/07/27",18.39,129.37
"1999/07/28",18.38,129.3
"1999/07/29",18.41,129.56
"1999/07/30",18.43,129.64
"1999/08/02",18.4,129.47
"1999/08/03",18.41,129.51
"1999/08/04",18.48,130
"1999/08/05",18.48,130.04
"1999/08/06",18.46,129.91
"1999/08/09",18.45,129.8
"1999/08/10",18.47,129.96
"1999/08/11",18.47,129.97
"1999/08/12",18.44,129.71
"1999/08/13",18.45,129.81
"1999/08/16",18.41,129.52
"1999/08/17",18.38,129.32
"1999/08/18",18.41,129.5
"1999/08/19",18.4,129.42
"1999/08/23",18.47,129.92
"1999/08/24",18.38,129.3
"1999/08/25",18.37,129.22
"1999/08/26",18.37,129.26
"1999/08/27",18.39,129.36
"1999/08/30",18.39,129.41
"1999/08/31",18.43,129.66
"1999/09/01",18.48,130.01
"1999/09/02",18.54,130.47
"1999/09/03",18.6,130.85
"1999/09/06",18.64,131.14
"1999/09/07",18.54,130.42
"1999/09/08",18.52,130.3
"1999/09/09",18.53,130.33
"1999/09/10",18.49,130.05
"1999/09/13",18.44,129.76
"1999/09/14",18.42,129.59
"1999/09/15",18.45,129.84
"1999/09/16",18.51,130.21
"1999/09/17",18.55,130.52
"1999/09/20",18.57,130.63
"1999/09/21",18.52,130.29
"1999/09/22",18.57,130.64
"1999/09/23",18.56,130.61
"1999/09/24",18.6,130.87
"1999/09/27",18.57,130.67
"1999/09/28",18.6,130.85
"1999/09/29",18.67,131.33
"1999/09/30",18.74,131.86
"1999/10/01",18.81,132.35
"1999/10/04",18.79,132.2
"1999/10/05",18.74,131.84
"1999/10/06",18.74,131.83
"1999/10/07",18.72,131.72
"1999/10/08",18.7,131.53
"1999/10/11",18.67,131.34
"1999/10/12",18.67,131.38
"1999/10/13",18.71,131.65
"1999/10/14",18.78,132.13
"1999/10/15",18.79,132.17
"1999/10/18",18.81,132.35
"1999/10/19",18.79,132.21
"1999/10/20",18.76,131.97
"1999/10/21",18.72,131.69
"1999/10/22",18.75,131.94
"1999/10/25",18.7,131.6
"1999/10/26",18.7,131.59
"1999/10/27",18.67,131.38
"1999/10/28",18.59,130.82
"1999/10/29",18.59,130.79
"1999/11/01",18.62,130.97
"1999/11/02",18.59,130.79
"1999/11/03",18.58,130.73
"1999/11/04",18.58,130.72
"1999/11/05",18.53,130.38
"1999/11/08",18.55,130.51
"1999/11/09",18.54,130.46
"1999/11/10",18.55,130.51
"1999/11/11",18.56,130.57
"1999/11/12",18.54,130.43
"1999/11/15",18.52,130.27
"1999/11/16",18.53,130.38
"1999/11/17",18.57,130.68
"1999/11/18",18.59,130.76
"1999/11/19",18.53,130.33
"1999/11/22",18.53,130.37
"1999/11/23",18.54,130.45
"1999/11/24",18.49,130.11
"1999/11/25",18.49,130.07
"1999/11/26",18.45,129.77
"1999/11/29",18.45,129.8
"1999/11/30",18.47,129.94
"1999/12/01",18.5,130.18
"1999/12/02",18.45,129.78
"1999/12/03",18.4,129.47
"1999/12/06",18.41,129.52
"1999/12/07",18.53,130.4
"1999/12/08",18.53,130.38
"1999/12/09",18.52,130.28
"1999/12/10",18.48,130.04
"1999/12/13",18.47,129.96
"1999/12/14",18.45,129.81
"1999/12/15",18.43,129.68
"1999/12/16",18.5,130.19
"1999/12/17",18.54,130.46
"1999/12/20",18.46,129.89
"1999/12/21",18.47,129.96
"1999/12/22",18.48,129.99
"1999/12/23",18.48,130.04
"1999/12/27",18.51,130.23
"1999/12/28",18.54,130.43
"1999/12/29",18.53,130.34
"2000/01/04",18.49,130.11
"2000/01/05",18.49,130.11
"2000/01/06",18.5,130.17
"2000/01/07",18.51,130.2
"2000/01/10",18.51,130.22
"2000/01/11",18.51,130.24
"2000/01/12",18.51,130.22
"2000/01/13",18.52,130.31
"2000/01/14",18.52,130.3
"2000/01/17",18.52,130.33
"2000/01/18",18.53,130.33
"2000/01/19",18.53,130.38
"2000/01/20",18.54,130.43
"2000/01/21",18.54,130.45
"2000/01/24",18.54,130.44
"2000/01/25",18.54,130.47
"2000/01/26",18.54,130.46
"2000/01/27",18.55,130.54
"2000/01/28",18.55,130.51
"2000/01/31",18.56,130.59
"2000/02/01",18.56,130.6
"2000/02/02",18.56,130.59
"2000/02/03",18.57,130.64
"2000/02/04",18.57,130.64
"2000/02/07",18.57,130.65
"2000/02/08",18.57,130.67
"2000/02/09",18.58,130.71
"2000/02/10",18.59,130.79
"2000/02/11",18.59,130.77
"2000/02/14",18.59,130.79
"2000/02/15",18.59,130.8
"2000/02/16",18.59,130.81
"2000/02/17",18.61,130.9
"2000/02/18",18.61,130.91
"2000/02/21",18.66,131.28
"2000/02/22",18.68,131.44
"2000/02/23",18.73,131.78
"2000/02/24",18.65,131.24
"2000/02/25",18.67,131.36
"2000/02/28",18.65,131.19
"2000/02/29",18.66,131.27
"2000/03/01",18.64,131.14
"2000/03/02",18.64,131.12
"2000/03/03",18.64,131.17
"2000/03/06",18.64,131.17
"2000/03/07",18.65,131.19
"2000/03/08",18.65,131.18
"2000/03/09",18.66,131.25
"2000/03/10",18.68,131.42
"2000/03/13",18.7,131.57
"2000/03/14",18.72,131.74
"2000/03/16",18.68,131.45
"2000/03/17",18.68,131.43
"2000/03/20",18.68,131.4
"2000/03/21",18.68,131.43
"2000/03/22",18.68,131.44
"2000/03/23",18.69,131.5
"2000/03/24",18.7,131.58
"2000/03/27",18.7,131.6
"2000/03/28",18.71,131.64
"2000/03/29",18.73,131.78
"2000/03/30",18.78,132.14
"2000/03/31",18.77,132.08
"2000/04/03",18.8,132.28
"2000/04/04",18.84,132.58
"2000/04/05",18.8,132.27
"2000/04/06",18.83,132.48
"2000/04/07",18.8,132.3
"2000/04/10",18.81,132.32
"2000/04/11",18.78,132.09
"2000/04/12",18.76,132.01
"2000/04/13",18.77,132.07
"2000/04/14",18.74,131.84
"2000/04/17",18.79,132.21
"2000/04/18",18.79,132.2
"2000/04/19",18.78,132.15
"2000/04/20",18.76,132.02
"2000/04/21",18.75,131.91
"2000/04/25",18.75,131.91
"2000/04/26",18.75,131.94
"2000/04/27",18.76,132.01
"2000/04/28",18.76,132
"2000/05/02",18.77,132.08
"2000/05/03",18.77,132.05
"2000/05/04",18.77,132.07
"2000/05/05",18.77,132.07
"2000/05/08",18.78,132.09
"2000/05/09",18.78,132.11
"2000/05/10",18.78,132.09
"2000/05/11",18.78,132.15
"2000/05/12",18.79,132.18
"2000/05/15",18.83,132.46
"2000/05/16",18.82,132.41
"2000/05/17",18.81,132.32
"2000/05/18",18.81,132.36
"2000/05/19",18.83,132.49
"2000/05/22",18.85,132.63
"2000/05/23",18.86,132.7
"2000/05/24",18.89,132.91
"2000/05/25",18.87,132.79
"2000/05/26",18.89,132.89
"2000/05/29",18.88,132.84
"2000/05/30",18.87,132.75
"2000/05/31",18.85,132.62
"2000/06/01",18.84,132.58
"2000/06/02",18.84,132.57
"2000/06/05",18.83,132.51
"2000/06/06",18.84,132.57
"2000/06/07",18.86,132.66
"2000/06/08",18.86,132.71
"2000/06/09",18.87,132.73
"2000/06/13",18.87,132.76
"2000/06/14",18.87,132.74
"2000/06/15",18.88,132.85
"2000/06/16",18.88,132.8
"2000/06/19",18.88,132.85
"2000/06/20",18.88,132.83
"2000/06/21",18.89,132.92
"2000/06/22",18.88,132.85
"2000/06/23",18.88,132.86
"2000/06/26",18.89,132.88
"2000/06/27",18.89,132.91
"2000/06/28",18.9,132.97
"2000/06/29",18.9,132.98
"2000/06/30",18.9,133
"2000/07/03",18.9,132.94
"2000/07/04",18.89,132.91
"2000/07/05",18.9,132.94
"2000/07/06",18.91,133.05
"2000/07/07",18.91,133.06
"2000/07/10",18.91,133.02
"2000/07/11",18.92,133.1
"2000/07/12",18.91,133.02
"2000/07/13",18.91,133.04
"2000/07/14",18.91,133.02
"2000/07/17",18.9,132.99
"2000/07/18",18.91,133.02
"2000/07/19",18.91,133.05
"2000/07/20",18.91,133.06
"2000/07/21",18.91,133.06
"2000/07/24",18.92,133.1
"2000/07/25",18.92,133.08
"2000/07/26",18.92,133.09
"2000/07/27",18.93,133.17
"2000/07/28",18.93,133.17
"2000/07/31",18.93,133.16
"2000/08/01",18.93,133.17
"2000/08/02",18.93,133.2
"2000/08/03",18.94,133.23
"2000/08/04",18.94,133.23
"2000/08/07",18.94,133.24
"2000/08/08",18.94,133.25
"2000/08/09",18.94,133.27
"2000/08/10",18.95,133.31
"2000/08/11",18.95,133.35
"2000/08/14",18.96,133.36
"2000/08/15",18.96,133.36
"2000/08/16",18.96,133.37
"2000/08/17",18.96,133.41
"2000/08/18",18.96,133.42
"2000/08/21",18.96,133.42
"2000/08/22",18.97,133.44
"2000/08/23",18.97,133.45
"2000/08/24",18.97,133.49
"2000/08/25",18.98,133.5
"2000/08/28",18.98,133.53
"2000/08/29",18.98,133.55
"2000/08/30",18.98,133.55
"2000/08/31",18.99,133.62
"2000/09/01",18.99,133.62
"2000/09/04",18.99,133.62
"2000/09/05",19,133.69
"2000/09/06",19.03,133.89
"2000/09/07",19.03,133.87
"2000/09/08",19.02,133.82
"2000/09/11",19.04,133.94
"2000/09/12",19.03,133.86
"2000/09/13",19.01,133.75
"2000/09/14",19.02,133.84
"2000/09/15",19.02,133.84
"2000/09/18",19.03,133.91
"2000/09/19",19.06,134.09
"2000/09/20",19.06,134.13
"2000/09/21",19.08,134.27
"2000/09/22",19.12,134.49
"2000/09/25",19.11,134.47
"2000/09/26",19.12,134.55
"2000/09/27",19.14,134.66
"2000/09/28",19.18,134.91
"2000/09/29",19.17,134.85
"2000/10/02",19.19,134.98
"2000/10/03",19.13,134.6
"2000/10/04",19.13,134.57
"2000/10/05",19.12,134.51
"2000/10/06",19.1,134.36
"2000/10/09",19.08,134.21
"2000/10/10",19.06,134.13
"2000/10/11",19.09,134.34
"2000/10/12",19.11,134.47
"2000/10/13",19.12,134.51
"2000/10/16",19.13,134.6
"2000/10/17",19.11,134.42
"2000/10/18",19.13,134.58
"2000/10/19",19.1,134.41
"2000/10/20",19.09,134.29
"2000/10/24",19.09,134.28
"2000/10/25",19.09,134.29
"2000/10/26",19.1,134.39
"2000/10/27",19.12,134.55
"2000/10/30",19.13,134.61
"2000/10/31",19.12,134.55
"2000/11/02",19.13,134.59
"2000/11/03",19.17,134.88
"2000/11/06",19.17,134.87
"2000/11/07",19.17,134.9
"2000/11/08",19.19,135.01
"2000/11/09",19.19,135.01
"2000/11/10",19.19,135
"2000/11/13",19.2,135.07
"2000/11/14",19.19,134.99
"2000/11/15",19.16,134.78
"2000/11/16",19.15,134.73
"2000/11/17",19.18,134.93
"2000/11/20",19.18,134.92
"2000/11/21",19.21,135.15
"2000/11/22",19.2,135.06
"2000/11/23",19.19,134.99
"2000/11/24",19.23,135.29
"2000/11/27",19.23,135.28
"2000/11/28",19.24,135.35
"2000/11/29",19.26,135.5
"2000/11/30",19.25,135.44
"2000/12/01",19.26,135.52
"2000/12/04",19.26,135.52
"2000/12/05",19.27,135.55
"2000/12/06",19.27,135.57
"2000/12/07",19.27,135.54
"2000/12/08",19.28,135.62
"2000/12/11",19.28,135.64
"2000/12/12",19.29,135.69
"2000/12/13",19.25,135.4
"2000/12/14",19.24,135.36
"2000/12/15",19.24,135.36
"2000/12/18",19.23,135.28
"2000/12/19",19.23,135.31
"2000/12/20",19.22,135.24
"2000/12/21",19.22,135.24
"2000/12/22",19.25,135.42
"2000/12/27",19.25,135.4
"2000/12/28",19.31,135.83
"2000/12/29",19.25,135.46
